./libraries/club-moss/club-moss_0.0_1x_30/club-moss_0.0_1x_30.dat:error_rate	0.0009153690766846578
./libraries/club-moss/club-moss_0.0_8x_30/club-moss_0.0_8x_30.dat:error_rate	0.000917985037880098
./libraries/club-moss/club-moss_0.0_4x_30/club-moss_0.0_4x_30.dat:error_rate	0.0009259665241206916
./libraries/club-moss/club-moss_0.0_2x_30/club-moss_0.0_2x_30.dat:error_rate	0.0009277196605763649
./libraries/club-moss/club-moss_0.001_1x_30/club-moss_0.001_1x_30.dat:error_rate	0.0010430252661903783
./libraries/club-moss/club-moss_0.001_2x_30/club-moss_0.001_2x_30.dat:error_rate	0.0011054338252711737
./libraries/club-moss/club-moss_0.001_8x_30/club-moss_0.001_8x_30.dat:error_rate	0.0012036331388196597
./libraries/club-moss/club-moss_0.001_4x_30/club-moss_0.001_4x_30.dat:error_rate	0.0012628899141741146
./libraries/club-moss/club-moss_0.01_1x_30/club-moss_0.01_1x_30.dat:error_rate	0.001853897025344109
./libraries/club-moss/club-moss_0.0_1x_novaseq_profR/club-moss_0.0_1x_novaseq_profR.dat:error_rate	0.002281879164222289
./libraries/club-moss/club-moss_0.0_2x_novaseq_profR/club-moss_0.0_2x_novaseq_profR.dat:error_rate	0.0023307146551951874
./libraries/club-moss/club-moss_0.0_8x_novaseq_profR/club-moss_0.0_8x_novaseq_profR.dat:error_rate	0.0023323251283259294
./libraries/club-moss/club-moss_0.0_4x_novaseq_profR/club-moss_0.0_4x_novaseq_profR.dat:error_rate	0.002363821049825132
./libraries/club-moss/club-moss_0.001_1x_novaseq_profR/club-moss_0.001_1x_novaseq_profR.dat:error_rate	0.0023906280472641983
./libraries/club-moss/club-moss_0.01_2x_30/club-moss_0.01_2x_30.dat:error_rate	0.0024136696680364667
./libraries/club-moss/club-moss_0.001_2x_novaseq_profR/club-moss_0.001_2x_novaseq_profR.dat:error_rate	0.002464359222187129
./libraries/club-moss/club-moss_0.001_8x_novaseq_profR/club-moss_0.001_8x_novaseq_profR.dat:error_rate	0.00260122132310725
./libraries/club-moss/club-moss_0.001_4x_novaseq_profR/club-moss_0.001_4x_novaseq_profR.dat:error_rate	0.0026333191937911726
./libraries/club-moss/club-moss_0.0_1x_25/club-moss_0.0_1x_25.dat:error_rate	0.002928107023352111
./libraries/club-moss/club-moss_0.0_2x_25/club-moss_0.0_2x_25.dat:error_rate	0.0029736981682967345
./libraries/club-moss/club-moss_0.0_8x_25/club-moss_0.0_8x_25.dat:error_rate	0.00299511660577656
./libraries/club-moss/club-moss_0.0_4x_25/club-moss_0.0_4x_25.dat:error_rate	0.0030046839342485754
./libraries/club-moss/club-moss_0.001_1x_25/club-moss_0.001_1x_25.dat:error_rate	0.0030430406488681783
./libraries/club-moss/club-moss_0.001_2x_25/club-moss_0.001_2x_25.dat:error_rate	0.003099968848706669
./libraries/club-moss/club-moss_0.01_1x_novaseq_profR/club-moss_0.01_1x_novaseq_profR.dat:error_rate	0.003212422249333713
./libraries/club-moss/club-moss_0.001_8x_25/club-moss_0.001_8x_25.dat:error_rate	0.003244409663992087
./libraries/club-moss/club-moss_0.001_4x_25/club-moss_0.001_4x_25.dat:error_rate	0.0032789699601518674
./libraries/club-moss/club-moss_0.01_4x_30/club-moss_0.01_4x_30.dat:error_rate	0.003367001252960966
./libraries/club-moss/club-moss_0.01_8x_30/club-moss_0.01_8x_30.dat:error_rate	0.003486545545589137
./libraries/club-moss/club-moss_0.01_2x_novaseq_profR/club-moss_0.01_2x_novaseq_profR.dat:error_rate	0.003679239160964909
./libraries/club-moss/club-moss_0.01_1x_25/club-moss_0.01_1x_25.dat:error_rate	0.0038804468148780913
./libraries/club-moss/club-moss_0.01_2x_25/club-moss_0.01_2x_25.dat:error_rate	0.004297690548633937
./libraries/club-moss/club-moss_0.0_1x_23/club-moss_0.0_1x_23.dat:error_rate	0.004616380980191903
./libraries/club-moss/club-moss_0.01_4x_novaseq_profR/club-moss_0.01_4x_novaseq_profR.dat:error_rate	0.004622916231892704
./libraries/club-moss/club-moss_0.0_2x_23/club-moss_0.0_2x_23.dat:error_rate	0.004644919703769013
./libraries/club-moss/club-moss_0.001_1x_23/club-moss_0.001_1x_23.dat:error_rate	0.004702075754016266
./libraries/club-moss/club-moss_0.0_4x_23/club-moss_0.0_4x_23.dat:error_rate	0.004712723315957179
./libraries/club-moss/club-moss_0.0_8x_23/club-moss_0.0_8x_23.dat:error_rate	0.004741154103759637
./libraries/club-moss/club-moss_0.001_2x_23/club-moss_0.001_2x_23.dat:error_rate	0.004779447491619959
./libraries/club-moss/club-moss_0.01_8x_novaseq_profR/club-moss_0.01_8x_novaseq_profR.dat:error_rate	0.004819490800919701
./libraries/club-moss/club-moss_0.001_8x_23/club-moss_0.001_8x_23.dat:error_rate	0.004976247602385353
./libraries/club-moss/club-moss_0.001_4x_23/club-moss_0.001_4x_23.dat:error_rate	0.004986619663124858
./libraries/club-moss/club-moss_0.01_4x_25/club-moss_0.01_4x_25.dat:error_rate	0.0052360496401577805
./libraries/club-moss/club-moss_0.01_8x_25/club-moss_0.01_8x_25.dat:error_rate	0.00544817466997527
./libraries/club-moss/club-moss_0.01_1x_23/club-moss_0.01_1x_23.dat:error_rate	0.005574467488524415
./libraries/club-moss/club-moss_0.01_2x_23/club-moss_0.01_2x_23.dat:error_rate	0.005918951259247018
./libraries/club-moss/club-moss_0.01_4x_23/club-moss_0.01_4x_23.dat:error_rate	0.006816867383874992
./libraries/club-moss/club-moss_0.01_8x_23/club-moss_0.01_8x_23.dat:error_rate	0.0071705322180412034
./libraries/club-moss/club-moss_0.0_1x_20/club-moss_0.0_1x_20.dat:error_rate	0.009056901900406755
./libraries/club-moss/club-moss_0.0_2x_20/club-moss_0.0_2x_20.dat:error_rate	0.009064534401584057
./libraries/club-moss/club-moss_0.001_1x_20/club-moss_0.001_1x_20.dat:error_rate	0.009149560917305788
./libraries/club-moss/club-moss_0.001_2x_20/club-moss_0.001_2x_20.dat:error_rate	0.009199791782037892
./libraries/club-moss/club-moss_0.0_8x_20/club-moss_0.0_8x_20.dat:error_rate	0.009217097396445606
./libraries/club-moss/club-moss_0.0_4x_20/club-moss_0.0_4x_20.dat:error_rate	0.009267802920207902
./libraries/club-moss/club-moss_0.001_4x_20/club-moss_0.001_4x_20.dat:error_rate	0.009456483706650531
./libraries/club-moss/club-moss_0.001_8x_20/club-moss_0.001_8x_20.dat:error_rate	0.009564431540045826
./libraries/club-moss/club-moss_0.0_1x_MiSeqv3L250R/club-moss_0.0_1x_MiSeqv3L250R.dat:error_rate	0.009993028954705552
./libraries/club-moss/club-moss_0.0_2x_MiSeqv3L250R/club-moss_0.0_2x_MiSeqv3L250R.dat:error_rate	0.010031129361697366
./libraries/club-moss/club-moss_0.001_1x_MiSeqv3L250R/club-moss_0.001_1x_MiSeqv3L250R.dat:error_rate	0.010116274549927473
./libraries/club-moss/club-moss_0.001_2x_MiSeqv3L250R/club-moss_0.001_2x_MiSeqv3L250R.dat:error_rate	0.010122667431244015
./libraries/club-moss/club-moss_0.0_4x_MiSeqv3L250R/club-moss_0.0_4x_MiSeqv3L250R.dat:error_rate	0.010127792256540702
./libraries/club-moss/club-moss_0.0_8x_MiSeqv3L250R/club-moss_0.0_8x_MiSeqv3L250R.dat:error_rate	0.010141581548550715
./libraries/club-moss/club-moss_0.01_1x_20/club-moss_0.01_1x_20.dat:error_rate	0.01017470569103529
./libraries/club-moss/club-moss_0.01_2x_20/club-moss_0.01_2x_20.dat:error_rate	0.01030702126249261
./libraries/club-moss/club-moss_0.001_4x_MiSeqv3L250R/club-moss_0.001_4x_MiSeqv3L250R.dat:error_rate	0.010322826956381426
./libraries/club-moss/club-moss_0.001_8x_MiSeqv3L250R/club-moss_0.001_8x_MiSeqv3L250R.dat:error_rate	0.010402022753251194
./libraries/club-moss/club-moss_0.01_1x_MiSeqv3L250R/club-moss_0.01_1x_MiSeqv3L250R.dat:error_rate	0.011081601089546367
./libraries/club-moss/club-moss_0.01_2x_MiSeqv3L250R/club-moss_0.01_2x_MiSeqv3L250R.dat:error_rate	0.011117584092507515
./libraries/club-moss/club-moss_0.01_4x_20/club-moss_0.01_4x_20.dat:error_rate	0.011192894635744244
./libraries/club-moss/club-moss_0.01_8x_20/club-moss_0.01_8x_20.dat:error_rate	0.011887395449814875
./libraries/club-moss/club-moss_0.01_4x_MiSeqv3L250R/club-moss_0.01_4x_MiSeqv3L250R.dat:error_rate	0.011930100671185273
./libraries/club-moss/club-moss_0.01_8x_MiSeqv3L250R/club-moss_0.01_8x_MiSeqv3L250R.dat:error_rate	0.012633790443815185
./libraries/club-moss/club-moss_0.0_1x_HiSeq2500L150R/club-moss_0.0_1x_HiSeq2500L150R.dat:error_rate	0.014088179498918163
./libraries/club-moss/club-moss_0.0_2x_HiSeq2500L150R/club-moss_0.0_2x_HiSeq2500L150R.dat:error_rate	0.014109270110190364
./libraries/club-moss/club-moss_0.001_1x_HiSeq2500L150R/club-moss_0.001_1x_HiSeq2500L150R.dat:error_rate	0.014256967580919211
./libraries/club-moss/club-moss_0.001_2x_HiSeq2500L150R/club-moss_0.001_2x_HiSeq2500L150R.dat:error_rate	0.014275467081392379
./libraries/club-moss/club-moss_0.0_4x_HiSeq2500L150R/club-moss_0.0_4x_HiSeq2500L150R.dat:error_rate	0.01443752641667373
./libraries/club-moss/club-moss_0.0_8x_HiSeq2500L150R/club-moss_0.0_8x_HiSeq2500L150R.dat:error_rate	0.014616342629762635
./libraries/club-moss/club-moss_0.001_4x_HiSeq2500L150R/club-moss_0.001_4x_HiSeq2500L150R.dat:error_rate	0.014672201556326203
./libraries/club-moss/club-moss_0.001_8x_HiSeq2500L150R/club-moss_0.001_8x_HiSeq2500L150R.dat:error_rate	0.014918325462033089
./libraries/club-moss/club-moss_0.01_2x_HiSeq2500L150R/club-moss_0.01_2x_HiSeq2500L150R.dat:error_rate	0.015410166998103714
./libraries/club-moss/club-moss_0.01_1x_HiSeq2500L150R/club-moss_0.01_1x_HiSeq2500L150R.dat:error_rate	0.015439083850071311
./libraries/club-moss/club-moss_0.01_4x_HiSeq2500L150R/club-moss_0.01_4x_HiSeq2500L150R.dat:error_rate	0.016367105127961246
./libraries/club-moss/club-moss_0.01_8x_HiSeq2500L150R/club-moss_0.01_8x_HiSeq2500L150R.dat:error_rate	0.017495748458345006
./libraries/club-moss/club-moss_0.0_2x_17/club-moss_0.0_2x_17.dat:error_rate	0.0177191181480032
./libraries/club-moss/club-moss_0.0_1x_17/club-moss_0.0_1x_17.dat:error_rate	0.017726568033294088
./libraries/club-moss/club-moss_0.001_1x_17/club-moss_0.001_1x_17.dat:error_rate	0.017778303369014092
./libraries/club-moss/club-moss_0.001_2x_17/club-moss_0.001_2x_17.dat:error_rate	0.017870802640054362
./libraries/club-moss/club-moss_0.0_4x_17/club-moss_0.0_4x_17.dat:error_rate	0.0182322980728431
./libraries/club-moss/club-moss_0.001_4x_17/club-moss_0.001_4x_17.dat:error_rate	0.018465868804652286
./libraries/club-moss/club-moss_0.0_8x_17/club-moss_0.0_8x_17.dat:error_rate	0.01875415812047454
./libraries/club-moss/club-moss_0.001_8x_17/club-moss_0.001_8x_17.dat:error_rate	0.018787112201757994
./libraries/club-moss/club-moss_0.01_2x_17/club-moss_0.01_2x_17.dat:error_rate	0.01907469450663768
./libraries/club-moss/club-moss_0.01_1x_17/club-moss_0.01_1x_17.dat:error_rate	0.01921434142673817
./libraries/club-moss/club-moss_0.01_4x_17/club-moss_0.01_4x_17.dat:error_rate	0.020209133089391318
./libraries/club-moss/club-moss_0.01_8x_17/club-moss_0.01_8x_17.dat:error_rate	0.021633495681464665
./libraries/club-moss/club-moss_0.0_1x_25/club-moss_0.0_1x_25.dat:coverage	1.0054381247122102
./libraries/club-moss/club-moss_0.0_1x_MiSeqv3L250R/club-moss_0.0_1x_MiSeqv3L250R.dat:coverage	1.0055158557113983
./libraries/club-moss/club-moss_0.0_1x_HiSeq2500L150R/club-moss_0.0_1x_HiSeq2500L150R.dat:coverage	1.00554128173917
./libraries/club-moss/club-moss_0.01_1x_MiSeqv3L250R/club-moss_0.01_1x_MiSeqv3L250R.dat:coverage	1.0055550844399606
./libraries/club-moss/club-moss_0.0_1x_17/club-moss_0.0_1x_17.dat:coverage	1.0055783310939232
./libraries/club-moss/club-moss_0.01_1x_25/club-moss_0.01_1x_25.dat:coverage	1.0055957660843953
./libraries/club-moss/club-moss_0.001_1x_HiSeq2500L150R/club-moss_0.001_1x_HiSeq2500L150R.dat:coverage	1.0056008512899497
./libraries/club-moss/club-moss_0.01_1x_HiSeq2500L150R/club-moss_0.01_1x_HiSeq2500L150R.dat:coverage	1.0056349948129575
./libraries/club-moss/club-moss_0.01_1x_20/club-moss_0.01_1x_20.dat:coverage	1.005645165224066
./libraries/club-moss/club-moss_0.01_1x_30/club-moss_0.01_1x_30.dat:coverage	1.0056822145788193
./libraries/club-moss/club-moss_0.0_1x_novaseq_profR/club-moss_0.0_1x_novaseq_profR.dat:coverage	1.0056909320740555
./libraries/club-moss/club-moss_0.001_1x_17/club-moss_0.001_1x_17.dat:coverage	1.0057083670645275
./libraries/club-moss/club-moss_0.01_1x_17/club-moss_0.01_1x_17.dat:coverage	1.0057105464383365
./libraries/club-moss/club-moss_0.001_1x_25/club-moss_0.001_1x_25.dat:coverage	1.005713452270082
./libraries/club-moss/club-moss_0.01_1x_23/club-moss_0.01_1x_23.dat:coverage	1.0057279814288087
./libraries/club-moss/club-moss_0.001_1x_30/club-moss_0.001_1x_30.dat:coverage	1.005733066634363
./libraries/club-moss/club-moss_0.001_1x_23/club-moss_0.001_1x_23.dat:coverage	1.0057468693351532
./libraries/club-moss/club-moss_0.0_1x_20/club-moss_0.0_1x_20.dat:coverage	1.0057628514097527
./libraries/club-moss/club-moss_0.001_1x_novaseq_profR/club-moss_0.001_1x_novaseq_profR.dat:coverage	1.0057643043256255
./libraries/club-moss/club-moss_0.01_1x_novaseq_profR/club-moss_0.01_1x_novaseq_profR.dat:coverage	1.0058318649137048
./libraries/club-moss/club-moss_0.001_1x_MiSeqv3L250R/club-moss_0.001_1x_MiSeqv3L250R.dat:coverage	1.0058333178295775
./libraries/club-moss/club-moss_0.001_1x_20/club-moss_0.001_1x_20.dat:coverage	1.0058812640533756
./libraries/club-moss/club-moss_0.0_1x_23/club-moss_0.0_1x_23.dat:coverage	1.005974977127163
./libraries/club-moss/club-moss_0.0_1x_30/club-moss_0.0_1x_30.dat:coverage	1.0059902327438262
./libraries/club-moss/club-moss_0.001_1x_17/club-moss_0.001_1x_17.dat:read_length	150
./libraries/club-moss/club-moss_0.001_1x_20/club-moss_0.001_1x_20.dat:read_length	150
./libraries/club-moss/club-moss_0.001_1x_23/club-moss_0.001_1x_23.dat:read_length	150
./libraries/club-moss/club-moss_0.001_1x_25/club-moss_0.001_1x_25.dat:read_length	150
./libraries/club-moss/club-moss_0.001_1x_30/club-moss_0.001_1x_30.dat:read_length	150
./libraries/club-moss/club-moss_0.001_1x_HiSeq2500L150R/club-moss_0.001_1x_HiSeq2500L150R.dat:read_length	150
./libraries/club-moss/club-moss_0.001_1x_MiSeqv3L250R/club-moss_0.001_1x_MiSeqv3L250R.dat:read_length	150
./libraries/club-moss/club-moss_0.001_1x_novaseq_profR/club-moss_0.001_1x_novaseq_profR.dat:read_length	150
./libraries/club-moss/club-moss_0.001_2x_17/club-moss_0.001_2x_17.dat:read_length	150
./libraries/club-moss/club-moss_0.001_2x_20/club-moss_0.001_2x_20.dat:read_length	150
./libraries/club-moss/club-moss_0.001_2x_23/club-moss_0.001_2x_23.dat:read_length	150
./libraries/club-moss/club-moss_0.001_2x_25/club-moss_0.001_2x_25.dat:read_length	150
./libraries/club-moss/club-moss_0.001_2x_30/club-moss_0.001_2x_30.dat:read_length	150
./libraries/club-moss/club-moss_0.001_2x_HiSeq2500L150R/club-moss_0.001_2x_HiSeq2500L150R.dat:read_length	150
./libraries/club-moss/club-moss_0.001_2x_MiSeqv3L250R/club-moss_0.001_2x_MiSeqv3L250R.dat:read_length	150
./libraries/club-moss/club-moss_0.001_2x_novaseq_profR/club-moss_0.001_2x_novaseq_profR.dat:read_length	150
./libraries/club-moss/club-moss_0.001_4x_17/club-moss_0.001_4x_17.dat:read_length	150
./libraries/club-moss/club-moss_0.001_4x_20/club-moss_0.001_4x_20.dat:read_length	150
./libraries/club-moss/club-moss_0.001_4x_23/club-moss_0.001_4x_23.dat:read_length	150
./libraries/club-moss/club-moss_0.001_4x_25/club-moss_0.001_4x_25.dat:read_length	150
./libraries/club-moss/club-moss_0.001_4x_30/club-moss_0.001_4x_30.dat:read_length	150
./libraries/club-moss/club-moss_0.001_4x_HiSeq2500L150R/club-moss_0.001_4x_HiSeq2500L150R.dat:read_length	150
./libraries/club-moss/club-moss_0.001_4x_MiSeqv3L250R/club-moss_0.001_4x_MiSeqv3L250R.dat:read_length	150
./libraries/club-moss/club-moss_0.001_4x_novaseq_profR/club-moss_0.001_4x_novaseq_profR.dat:read_length	150
./libraries/club-moss/club-moss_0.001_8x_17/club-moss_0.001_8x_17.dat:read_length	150
./libraries/club-moss/club-moss_0.001_8x_20/club-moss_0.001_8x_20.dat:read_length	150
./libraries/club-moss/club-moss_0.001_8x_23/club-moss_0.001_8x_23.dat:read_length	150
./libraries/club-moss/club-moss_0.001_8x_25/club-moss_0.001_8x_25.dat:read_length	150
./libraries/club-moss/club-moss_0.001_8x_30/club-moss_0.001_8x_30.dat:read_length	150
./libraries/club-moss/club-moss_0.001_8x_HiSeq2500L150R/club-moss_0.001_8x_HiSeq2500L150R.dat:read_length	150
./libraries/club-moss/club-moss_0.001_8x_MiSeqv3L250R/club-moss_0.001_8x_MiSeqv3L250R.dat:read_length	150
./libraries/club-moss/club-moss_0.001_8x_novaseq_profR/club-moss_0.001_8x_novaseq_profR.dat:read_length	150
./libraries/club-moss/club-moss_0.01_1x_17/club-moss_0.01_1x_17.dat:read_length	150
./libraries/club-moss/club-moss_0.01_1x_20/club-moss_0.01_1x_20.dat:read_length	150
./libraries/club-moss/club-moss_0.01_1x_23/club-moss_0.01_1x_23.dat:read_length	150
./libraries/club-moss/club-moss_0.01_1x_25/club-moss_0.01_1x_25.dat:read_length	150
./libraries/club-moss/club-moss_0.01_1x_30/club-moss_0.01_1x_30.dat:read_length	150
./libraries/club-moss/club-moss_0.01_1x_HiSeq2500L150R/club-moss_0.01_1x_HiSeq2500L150R.dat:read_length	150
./libraries/club-moss/club-moss_0.01_1x_MiSeqv3L250R/club-moss_0.01_1x_MiSeqv3L250R.dat:read_length	150
./libraries/club-moss/club-moss_0.01_1x_novaseq_profR/club-moss_0.01_1x_novaseq_profR.dat:read_length	150
./libraries/club-moss/club-moss_0.01_2x_17/club-moss_0.01_2x_17.dat:read_length	150
./libraries/club-moss/club-moss_0.01_2x_20/club-moss_0.01_2x_20.dat:read_length	150
./libraries/club-moss/club-moss_0.01_2x_23/club-moss_0.01_2x_23.dat:read_length	150
./libraries/club-moss/club-moss_0.01_2x_25/club-moss_0.01_2x_25.dat:read_length	150
./libraries/club-moss/club-moss_0.01_2x_30/club-moss_0.01_2x_30.dat:read_length	150
./libraries/club-moss/club-moss_0.01_2x_HiSeq2500L150R/club-moss_0.01_2x_HiSeq2500L150R.dat:read_length	150
./libraries/club-moss/club-moss_0.01_2x_MiSeqv3L250R/club-moss_0.01_2x_MiSeqv3L250R.dat:read_length	150
./libraries/club-moss/club-moss_0.01_2x_novaseq_profR/club-moss_0.01_2x_novaseq_profR.dat:read_length	150
./libraries/club-moss/club-moss_0.01_4x_17/club-moss_0.01_4x_17.dat:read_length	150
./libraries/club-moss/club-moss_0.01_4x_20/club-moss_0.01_4x_20.dat:read_length	150
./libraries/club-moss/club-moss_0.01_4x_23/club-moss_0.01_4x_23.dat:read_length	150
./libraries/club-moss/club-moss_0.01_4x_25/club-moss_0.01_4x_25.dat:read_length	150
./libraries/club-moss/club-moss_0.01_4x_30/club-moss_0.01_4x_30.dat:read_length	150
./libraries/club-moss/club-moss_0.01_4x_HiSeq2500L150R/club-moss_0.01_4x_HiSeq2500L150R.dat:read_length	150
./libraries/club-moss/club-moss_0.01_4x_MiSeqv3L250R/club-moss_0.01_4x_MiSeqv3L250R.dat:read_length	150
./libraries/club-moss/club-moss_0.01_4x_novaseq_profR/club-moss_0.01_4x_novaseq_profR.dat:read_length	150
./libraries/club-moss/club-moss_0.01_8x_17/club-moss_0.01_8x_17.dat:read_length	150
./libraries/club-moss/club-moss_0.01_8x_20/club-moss_0.01_8x_20.dat:read_length	150
./libraries/club-moss/club-moss_0.01_8x_23/club-moss_0.01_8x_23.dat:read_length	150
./libraries/club-moss/club-moss_0.01_8x_25/club-moss_0.01_8x_25.dat:read_length	150
./libraries/club-moss/club-moss_0.01_8x_30/club-moss_0.01_8x_30.dat:read_length	150
./libraries/club-moss/club-moss_0.01_8x_HiSeq2500L150R/club-moss_0.01_8x_HiSeq2500L150R.dat:read_length	150
./libraries/club-moss/club-moss_0.01_8x_MiSeqv3L250R/club-moss_0.01_8x_MiSeqv3L250R.dat:read_length	150
./libraries/club-moss/club-moss_0.01_8x_novaseq_profR/club-moss_0.01_8x_novaseq_profR.dat:read_length	150
./libraries/club-moss/club-moss_0.0_1x_17/club-moss_0.0_1x_17.dat:read_length	150
./libraries/club-moss/club-moss_0.0_1x_20/club-moss_0.0_1x_20.dat:read_length	150
./libraries/club-moss/club-moss_0.0_1x_23/club-moss_0.0_1x_23.dat:read_length	150
./libraries/club-moss/club-moss_0.0_1x_25/club-moss_0.0_1x_25.dat:read_length	150
./libraries/club-moss/club-moss_0.0_1x_30/club-moss_0.0_1x_30.dat:read_length	150
./libraries/club-moss/club-moss_0.0_1x_HiSeq2500L150R/club-moss_0.0_1x_HiSeq2500L150R.dat:read_length	150
./libraries/club-moss/club-moss_0.0_1x_MiSeqv3L250R/club-moss_0.0_1x_MiSeqv3L250R.dat:read_length	150
./libraries/club-moss/club-moss_0.0_1x_novaseq_profR/club-moss_0.0_1x_novaseq_profR.dat:read_length	150
./libraries/club-moss/club-moss_0.0_2x_17/club-moss_0.0_2x_17.dat:read_length	150
./libraries/club-moss/club-moss_0.0_2x_20/club-moss_0.0_2x_20.dat:read_length	150
./libraries/club-moss/club-moss_0.0_2x_23/club-moss_0.0_2x_23.dat:read_length	150
./libraries/club-moss/club-moss_0.0_2x_25/club-moss_0.0_2x_25.dat:read_length	150
./libraries/club-moss/club-moss_0.0_2x_30/club-moss_0.0_2x_30.dat:read_length	150
./libraries/club-moss/club-moss_0.0_2x_HiSeq2500L150R/club-moss_0.0_2x_HiSeq2500L150R.dat:read_length	150
./libraries/club-moss/club-moss_0.0_2x_MiSeqv3L250R/club-moss_0.0_2x_MiSeqv3L250R.dat:read_length	150
./libraries/club-moss/club-moss_0.0_2x_novaseq_profR/club-moss_0.0_2x_novaseq_profR.dat:read_length	150
./libraries/club-moss/club-moss_0.0_4x_17/club-moss_0.0_4x_17.dat:read_length	150
./libraries/club-moss/club-moss_0.0_4x_20/club-moss_0.0_4x_20.dat:read_length	150
./libraries/club-moss/club-moss_0.0_4x_23/club-moss_0.0_4x_23.dat:read_length	150
./libraries/club-moss/club-moss_0.0_4x_25/club-moss_0.0_4x_25.dat:read_length	150
./libraries/club-moss/club-moss_0.0_4x_30/club-moss_0.0_4x_30.dat:read_length	150
./libraries/club-moss/club-moss_0.0_4x_HiSeq2500L150R/club-moss_0.0_4x_HiSeq2500L150R.dat:read_length	150
./libraries/club-moss/club-moss_0.0_4x_MiSeqv3L250R/club-moss_0.0_4x_MiSeqv3L250R.dat:read_length	150
./libraries/club-moss/club-moss_0.0_4x_novaseq_profR/club-moss_0.0_4x_novaseq_profR.dat:read_length	150
./libraries/club-moss/club-moss_0.0_8x_17/club-moss_0.0_8x_17.dat:read_length	150
./libraries/club-moss/club-moss_0.0_8x_20/club-moss_0.0_8x_20.dat:read_length	150
./libraries/club-moss/club-moss_0.0_8x_23/club-moss_0.0_8x_23.dat:read_length	150
./libraries/club-moss/club-moss_0.0_8x_25/club-moss_0.0_8x_25.dat:read_length	150
./libraries/club-moss/club-moss_0.0_8x_30/club-moss_0.0_8x_30.dat:read_length	150
./libraries/club-moss/club-moss_0.0_8x_HiSeq2500L150R/club-moss_0.0_8x_HiSeq2500L150R.dat:read_length	150
./libraries/club-moss/club-moss_0.0_8x_MiSeqv3L250R/club-moss_0.0_8x_MiSeqv3L250R.dat:read_length	150
./libraries/club-moss/club-moss_0.0_8x_novaseq_profR/club-moss_0.0_8x_novaseq_profR.dat:read_length	150
./libraries/club-moss/club-moss_0.01_2x_25/club-moss_0.01_2x_25.dat:coverage	2.010945989386309
./libraries/club-moss/club-moss_0.01_2x_novaseq_profR/club-moss_0.01_2x_novaseq_profR.dat:coverage	2.0109510745918633
./libraries/club-moss/club-moss_0.0_2x_17/club-moss_0.0_2x_17.dat:coverage	2.01101718226407
./libraries/club-moss/club-moss_0.001_2x_23/club-moss_0.001_2x_23.dat:coverage	2.0110702136934226
./libraries/club-moss/club-moss_0.001_2x_30/club-moss_0.001_2x_30.dat:coverage	2.011179182383873
./libraries/club-moss/club-moss_0.01_2x_HiSeq2500L150R/club-moss_0.01_2x_HiSeq2500L150R.dat:coverage	2.0112314873552894
./libraries/club-moss/club-moss_0.01_2x_23/club-moss_0.01_2x_23.dat:coverage	2.0112605456727426
./libraries/club-moss/club-moss_0.0_2x_23/club-moss_0.0_2x_23.dat:coverage	2.01128088649496
./libraries/club-moss/club-moss_0.0_2x_20/club-moss_0.0_2x_20.dat:coverage	2.0112954156536866
./libraries/club-moss/club-moss_0.01_2x_30/club-moss_0.01_2x_30.dat:coverage	2.011369514363193
./libraries/club-moss/club-moss_0.001_2x_HiSeq2500L150R/club-moss_0.001_2x_HiSeq2500L150R.dat:coverage	2.0113927610171562
./libraries/club-moss/club-moss_0.01_2x_20/club-moss_0.01_2x_20.dat:coverage	2.01145741577349
./libraries/club-moss/club-moss_0.0_2x_MiSeqv3L250R/club-moss_0.0_2x_MiSeqv3L250R.dat:coverage	2.0114937386703065
./libraries/club-moss/club-moss_0.01_2x_MiSeqv3L250R/club-moss_0.01_2x_MiSeqv3L250R.dat:coverage	2.011494465128243
./libraries/club-moss/club-moss_0.001_2x_25/club-moss_0.001_2x_25.dat:coverage	2.0115424113520413
./libraries/club-moss/club-moss_0.001_2x_20/club-moss_0.001_2x_20.dat:coverage	2.0115504023893407
./libraries/club-moss/club-moss_0.001_2x_17/club-moss_0.001_2x_17.dat:coverage	2.011563478632195
./libraries/club-moss/club-moss_0.01_2x_17/club-moss_0.01_2x_17.dat:coverage	2.0115801871647307
./libraries/club-moss/club-moss_0.001_2x_MiSeqv3L250R/club-moss_0.001_2x_MiSeqv3L250R.dat:coverage	2.0115910840337756
./libraries/club-moss/club-moss_0.0_2x_novaseq_profR/club-moss_0.0_2x_novaseq_profR.dat:coverage	2.011601980902821
./libraries/club-moss/club-moss_0.0_2x_25/club-moss_0.0_2x_25.dat:coverage	2.011622321725038
./libraries/club-moss/club-moss_0.0_2x_30/club-moss_0.0_2x_30.dat:coverage	2.011628859846465
./libraries/club-moss/club-moss_0.001_2x_novaseq_profR/club-moss_0.001_2x_novaseq_profR.dat:coverage	2.0116760796123274
./libraries/club-moss/club-moss_0.0_2x_HiSeq2500L150R/club-moss_0.0_2x_HiSeq2500L150R.dat:coverage	2.0117647074805602
./libraries/club-moss/club-moss_0.001_2x_HiSeq2500L150R/club-moss_0.001_2x_HiSeq2500L150R.dat:genome_length	208216465
./libraries/club-moss/club-moss_0.001_4x_HiSeq2500L150R/club-moss_0.001_4x_HiSeq2500L150R.dat:genome_length	208216465
./libraries/club-moss/club-moss_0.001_8x_23/club-moss_0.001_8x_23.dat:genome_length	208216465
./libraries/club-moss/club-moss_0.01_8x_30/club-moss_0.01_8x_30.dat:genome_length	208216465
./libraries/club-moss/club-moss_0.01_8x_HiSeq2500L150R/club-moss_0.01_8x_HiSeq2500L150R.dat:genome_length	208216465
./libraries/club-moss/club-moss_0.01_8x_novaseq_profR/club-moss_0.01_8x_novaseq_profR.dat:genome_length	208216465
./libraries/club-moss/club-moss_0.0_4x_17/club-moss_0.0_4x_17.dat:genome_length	208216465
./libraries/club-moss/club-moss_0.0_4x_30/club-moss_0.0_4x_30.dat:genome_length	208216465
./libraries/club-moss/club-moss_0.0_8x_20/club-moss_0.0_8x_20.dat:genome_length	208216465
./libraries/club-moss/club-moss_0.001_1x_17/club-moss_0.001_1x_17.dat:genome_length	208216466
./libraries/club-moss/club-moss_0.001_1x_20/club-moss_0.001_1x_20.dat:genome_length	208216466
./libraries/club-moss/club-moss_0.001_1x_23/club-moss_0.001_1x_23.dat:genome_length	208216466
./libraries/club-moss/club-moss_0.001_1x_25/club-moss_0.001_1x_25.dat:genome_length	208216466
./libraries/club-moss/club-moss_0.001_1x_30/club-moss_0.001_1x_30.dat:genome_length	208216466
./libraries/club-moss/club-moss_0.001_1x_HiSeq2500L150R/club-moss_0.001_1x_HiSeq2500L150R.dat:genome_length	208216466
./libraries/club-moss/club-moss_0.001_1x_MiSeqv3L250R/club-moss_0.001_1x_MiSeqv3L250R.dat:genome_length	208216466
./libraries/club-moss/club-moss_0.001_1x_novaseq_profR/club-moss_0.001_1x_novaseq_profR.dat:genome_length	208216466
./libraries/club-moss/club-moss_0.001_2x_17/club-moss_0.001_2x_17.dat:genome_length	208216466
./libraries/club-moss/club-moss_0.001_2x_20/club-moss_0.001_2x_20.dat:genome_length	208216466
./libraries/club-moss/club-moss_0.001_2x_23/club-moss_0.001_2x_23.dat:genome_length	208216466
./libraries/club-moss/club-moss_0.001_2x_25/club-moss_0.001_2x_25.dat:genome_length	208216466
./libraries/club-moss/club-moss_0.001_2x_30/club-moss_0.001_2x_30.dat:genome_length	208216466
./libraries/club-moss/club-moss_0.001_2x_MiSeqv3L250R/club-moss_0.001_2x_MiSeqv3L250R.dat:genome_length	208216466
./libraries/club-moss/club-moss_0.001_2x_novaseq_profR/club-moss_0.001_2x_novaseq_profR.dat:genome_length	208216466
./libraries/club-moss/club-moss_0.001_4x_17/club-moss_0.001_4x_17.dat:genome_length	208216466
./libraries/club-moss/club-moss_0.001_4x_20/club-moss_0.001_4x_20.dat:genome_length	208216466
./libraries/club-moss/club-moss_0.001_4x_23/club-moss_0.001_4x_23.dat:genome_length	208216466
./libraries/club-moss/club-moss_0.001_4x_25/club-moss_0.001_4x_25.dat:genome_length	208216466
./libraries/club-moss/club-moss_0.001_4x_30/club-moss_0.001_4x_30.dat:genome_length	208216466
./libraries/club-moss/club-moss_0.001_4x_MiSeqv3L250R/club-moss_0.001_4x_MiSeqv3L250R.dat:genome_length	208216466
./libraries/club-moss/club-moss_0.001_4x_novaseq_profR/club-moss_0.001_4x_novaseq_profR.dat:genome_length	208216466
./libraries/club-moss/club-moss_0.001_8x_17/club-moss_0.001_8x_17.dat:genome_length	208216466
./libraries/club-moss/club-moss_0.001_8x_20/club-moss_0.001_8x_20.dat:genome_length	208216466
./libraries/club-moss/club-moss_0.001_8x_25/club-moss_0.001_8x_25.dat:genome_length	208216466
./libraries/club-moss/club-moss_0.001_8x_30/club-moss_0.001_8x_30.dat:genome_length	208216466
./libraries/club-moss/club-moss_0.001_8x_HiSeq2500L150R/club-moss_0.001_8x_HiSeq2500L150R.dat:genome_length	208216466
./libraries/club-moss/club-moss_0.001_8x_MiSeqv3L250R/club-moss_0.001_8x_MiSeqv3L250R.dat:genome_length	208216466
./libraries/club-moss/club-moss_0.001_8x_novaseq_profR/club-moss_0.001_8x_novaseq_profR.dat:genome_length	208216466
./libraries/club-moss/club-moss_0.01_1x_17/club-moss_0.01_1x_17.dat:genome_length	208216466
./libraries/club-moss/club-moss_0.01_1x_20/club-moss_0.01_1x_20.dat:genome_length	208216466
./libraries/club-moss/club-moss_0.01_1x_23/club-moss_0.01_1x_23.dat:genome_length	208216466
./libraries/club-moss/club-moss_0.01_1x_25/club-moss_0.01_1x_25.dat:genome_length	208216466
./libraries/club-moss/club-moss_0.01_1x_30/club-moss_0.01_1x_30.dat:genome_length	208216466
./libraries/club-moss/club-moss_0.01_1x_HiSeq2500L150R/club-moss_0.01_1x_HiSeq2500L150R.dat:genome_length	208216466
./libraries/club-moss/club-moss_0.01_1x_MiSeqv3L250R/club-moss_0.01_1x_MiSeqv3L250R.dat:genome_length	208216466
./libraries/club-moss/club-moss_0.01_1x_novaseq_profR/club-moss_0.01_1x_novaseq_profR.dat:genome_length	208216466
./libraries/club-moss/club-moss_0.01_2x_17/club-moss_0.01_2x_17.dat:genome_length	208216466
./libraries/club-moss/club-moss_0.01_2x_20/club-moss_0.01_2x_20.dat:genome_length	208216466
./libraries/club-moss/club-moss_0.01_2x_23/club-moss_0.01_2x_23.dat:genome_length	208216466
./libraries/club-moss/club-moss_0.01_2x_25/club-moss_0.01_2x_25.dat:genome_length	208216466
./libraries/club-moss/club-moss_0.01_2x_30/club-moss_0.01_2x_30.dat:genome_length	208216466
./libraries/club-moss/club-moss_0.01_2x_HiSeq2500L150R/club-moss_0.01_2x_HiSeq2500L150R.dat:genome_length	208216466
./libraries/club-moss/club-moss_0.01_2x_MiSeqv3L250R/club-moss_0.01_2x_MiSeqv3L250R.dat:genome_length	208216466
./libraries/club-moss/club-moss_0.01_2x_novaseq_profR/club-moss_0.01_2x_novaseq_profR.dat:genome_length	208216466
./libraries/club-moss/club-moss_0.01_4x_17/club-moss_0.01_4x_17.dat:genome_length	208216466
./libraries/club-moss/club-moss_0.01_4x_20/club-moss_0.01_4x_20.dat:genome_length	208216466
./libraries/club-moss/club-moss_0.01_4x_23/club-moss_0.01_4x_23.dat:genome_length	208216466
./libraries/club-moss/club-moss_0.01_4x_25/club-moss_0.01_4x_25.dat:genome_length	208216466
./libraries/club-moss/club-moss_0.01_4x_30/club-moss_0.01_4x_30.dat:genome_length	208216466
./libraries/club-moss/club-moss_0.01_4x_HiSeq2500L150R/club-moss_0.01_4x_HiSeq2500L150R.dat:genome_length	208216466
./libraries/club-moss/club-moss_0.01_4x_MiSeqv3L250R/club-moss_0.01_4x_MiSeqv3L250R.dat:genome_length	208216466
./libraries/club-moss/club-moss_0.01_4x_novaseq_profR/club-moss_0.01_4x_novaseq_profR.dat:genome_length	208216466
./libraries/club-moss/club-moss_0.01_8x_17/club-moss_0.01_8x_17.dat:genome_length	208216466
./libraries/club-moss/club-moss_0.01_8x_20/club-moss_0.01_8x_20.dat:genome_length	208216466
./libraries/club-moss/club-moss_0.01_8x_23/club-moss_0.01_8x_23.dat:genome_length	208216466
./libraries/club-moss/club-moss_0.01_8x_25/club-moss_0.01_8x_25.dat:genome_length	208216466
./libraries/club-moss/club-moss_0.01_8x_MiSeqv3L250R/club-moss_0.01_8x_MiSeqv3L250R.dat:genome_length	208216466
./libraries/club-moss/club-moss_0.0_1x_17/club-moss_0.0_1x_17.dat:genome_length	208216466
./libraries/club-moss/club-moss_0.0_1x_20/club-moss_0.0_1x_20.dat:genome_length	208216466
./libraries/club-moss/club-moss_0.0_1x_23/club-moss_0.0_1x_23.dat:genome_length	208216466
./libraries/club-moss/club-moss_0.0_1x_25/club-moss_0.0_1x_25.dat:genome_length	208216466
./libraries/club-moss/club-moss_0.0_1x_30/club-moss_0.0_1x_30.dat:genome_length	208216466
./libraries/club-moss/club-moss_0.0_1x_HiSeq2500L150R/club-moss_0.0_1x_HiSeq2500L150R.dat:genome_length	208216466
./libraries/club-moss/club-moss_0.0_1x_MiSeqv3L250R/club-moss_0.0_1x_MiSeqv3L250R.dat:genome_length	208216466
./libraries/club-moss/club-moss_0.0_1x_novaseq_profR/club-moss_0.0_1x_novaseq_profR.dat:genome_length	208216466
./libraries/club-moss/club-moss_0.0_2x_17/club-moss_0.0_2x_17.dat:genome_length	208216466
./libraries/club-moss/club-moss_0.0_2x_20/club-moss_0.0_2x_20.dat:genome_length	208216466
./libraries/club-moss/club-moss_0.0_2x_23/club-moss_0.0_2x_23.dat:genome_length	208216466
./libraries/club-moss/club-moss_0.0_2x_25/club-moss_0.0_2x_25.dat:genome_length	208216466
./libraries/club-moss/club-moss_0.0_2x_30/club-moss_0.0_2x_30.dat:genome_length	208216466
./libraries/club-moss/club-moss_0.0_2x_HiSeq2500L150R/club-moss_0.0_2x_HiSeq2500L150R.dat:genome_length	208216466
./libraries/club-moss/club-moss_0.0_2x_MiSeqv3L250R/club-moss_0.0_2x_MiSeqv3L250R.dat:genome_length	208216466
./libraries/club-moss/club-moss_0.0_2x_novaseq_profR/club-moss_0.0_2x_novaseq_profR.dat:genome_length	208216466
./libraries/club-moss/club-moss_0.0_4x_20/club-moss_0.0_4x_20.dat:genome_length	208216466
./libraries/club-moss/club-moss_0.0_4x_23/club-moss_0.0_4x_23.dat:genome_length	208216466
./libraries/club-moss/club-moss_0.0_4x_25/club-moss_0.0_4x_25.dat:genome_length	208216466
./libraries/club-moss/club-moss_0.0_4x_HiSeq2500L150R/club-moss_0.0_4x_HiSeq2500L150R.dat:genome_length	208216466
./libraries/club-moss/club-moss_0.0_4x_MiSeqv3L250R/club-moss_0.0_4x_MiSeqv3L250R.dat:genome_length	208216466
./libraries/club-moss/club-moss_0.0_4x_novaseq_profR/club-moss_0.0_4x_novaseq_profR.dat:genome_length	208216466
./libraries/club-moss/club-moss_0.0_8x_17/club-moss_0.0_8x_17.dat:genome_length	208216466
./libraries/club-moss/club-moss_0.0_8x_23/club-moss_0.0_8x_23.dat:genome_length	208216466
./libraries/club-moss/club-moss_0.0_8x_25/club-moss_0.0_8x_25.dat:genome_length	208216466
./libraries/club-moss/club-moss_0.0_8x_30/club-moss_0.0_8x_30.dat:genome_length	208216466
./libraries/club-moss/club-moss_0.0_8x_HiSeq2500L150R/club-moss_0.0_8x_HiSeq2500L150R.dat:genome_length	208216466
./libraries/club-moss/club-moss_0.0_8x_MiSeqv3L250R/club-moss_0.0_8x_MiSeqv3L250R.dat:genome_length	208216466
./libraries/club-moss/club-moss_0.0_8x_novaseq_profR/club-moss_0.0_8x_novaseq_profR.dat:genome_length	208216466
./libraries/club-moss/club-moss_0.001_4x_23/club-moss_0.001_4x_23.dat:coverage	4.0221658534146165
./libraries/club-moss/club-moss_0.01_4x_novaseq_profR/club-moss_0.01_4x_novaseq_profR.dat:coverage	4.022231234628887
./libraries/club-moss/club-moss_0.01_4x_25/club-moss_0.01_4x_25.dat:coverage	4.022473871579623
./libraries/club-moss/club-moss_0.01_4x_17/club-moss_0.01_4x_17.dat:coverage	4.022489853654223
./libraries/club-moss/club-moss_0.001_4x_17/club-moss_0.001_4x_17.dat:coverage	4.022538526335957
./libraries/club-moss/club-moss_0.0_4x_MiSeqv3L250R/club-moss_0.0_4x_MiSeqv3L250R.dat:coverage	4.022574122774838
./libraries/club-moss/club-moss_0.001_4x_20/club-moss_0.001_4x_20.dat:coverage	4.022588651933565
./libraries/club-moss/club-moss_0.0_4x_25/club-moss_0.0_4x_25.dat:coverage	4.022611898587527
./libraries/club-moss/club-moss_0.0_4x_20/club-moss_0.0_4x_20.dat:coverage	4.0226133515033995
./libraries/club-moss/club-moss_0.0_4x_novaseq_profR/club-moss_0.0_4x_novaseq_profR.dat:coverage	4.022616983793082
./libraries/club-moss/club-moss_0.01_4x_HiSeq2500L150R/club-moss_0.01_4x_HiSeq2500L150R.dat:coverage	4.022696894166079
./libraries/club-moss/club-moss_0.001_4x_25/club-moss_0.001_4x_25.dat:coverage	4.022727405399404
./libraries/club-moss/club-moss_0.001_4x_novaseq_profR/club-moss_0.001_4x_novaseq_profR.dat:coverage	4.022753557885113
./libraries/club-moss/club-moss_0.0_4x_HiSeq2500L150R/club-moss_0.0_4x_HiSeq2500L150R.dat:coverage	4.022801504108911
./libraries/club-moss/club-moss_0.001_4x_HiSeq2500L150R/club-moss_0.001_4x_HiSeq2500L150R.dat:coverage	4.022803683482721
./libraries/club-moss/club-moss_0.01_4x_MiSeqv3L250R/club-moss_0.01_4x_MiSeqv3L250R.dat:coverage	4.022845091585092
./libraries/club-moss/club-moss_0.01_4x_23/club-moss_0.01_4x_23.dat:coverage	4.022861073659691
./libraries/club-moss/club-moss_0.001_4x_MiSeqv3L250R/club-moss_0.001_4x_MiSeqv3L250R.dat:coverage	4.022882867397781
./libraries/club-moss/club-moss_0.01_4x_30/club-moss_0.01_4x_30.dat:coverage	4.0228995759303166
./libraries/club-moss/club-moss_0.0_4x_17/club-moss_0.0_4x_17.dat:coverage	4.02290901988349
./libraries/club-moss/club-moss_0.001_4x_30/club-moss_0.001_4x_30.dat:coverage	4.022951880901733
./libraries/club-moss/club-moss_0.01_4x_20/club-moss_0.01_4x_20.dat:coverage	4.022962051312842
./libraries/club-moss/club-moss_0.0_4x_23/club-moss_0.0_4x_23.dat:coverage	4.023041961685839
./libraries/club-moss/club-moss_0.0_4x_30/club-moss_0.0_4x_30.dat:coverage	4.023230840749287
./libraries/club-moss/club-moss_0.01_8x_novaseq_profR/club-moss_0.01_8x_novaseq_profR.dat:coverage	8.045010218541773
./libraries/club-moss/club-moss_0.01_8x_20/club-moss_0.01_8x_20.dat:coverage	8.045127904727458
./libraries/club-moss/club-moss_0.01_8x_HiSeq2500L150R/club-moss_0.01_8x_HiSeq2500L150R.dat:coverage	8.04517149220364
./libraries/club-moss/club-moss_0.01_8x_30/club-moss_0.01_8x_30.dat:coverage	8.045234694044101
./libraries/club-moss/club-moss_0.001_8x_HiSeq2500L150R/club-moss_0.001_8x_HiSeq2500L150R.dat:coverage	8.045288451931388
./libraries/club-moss/club-moss_0.001_8x_30/club-moss_0.001_8x_30.dat:coverage	8.045294990052817
./libraries/club-moss/club-moss_0.001_8x_novaseq_profR/club-moss_0.001_8x_novaseq_profR.dat:coverage	8.045387976668668
./libraries/club-moss/club-moss_0.01_8x_25/club-moss_0.01_8x_25.dat:coverage	8.045406138117075
./libraries/club-moss/club-moss_0.0_8x_30/club-moss_0.0_8x_30.dat:coverage	8.045431564144847
./libraries/club-moss/club-moss_0.0_8x_25/club-moss_0.0_8x_25.dat:coverage	8.045439555182147
./libraries/club-moss/club-moss_0.0_8x_17/club-moss_0.0_8x_17.dat:coverage	8.0454766045369
./libraries/club-moss/club-moss_0.001_8x_17/club-moss_0.001_8x_17.dat:coverage	8.045494039527371
./libraries/club-moss/club-moss_0.0_8x_HiSeq2500L150R/club-moss_0.0_8x_HiSeq2500L150R.dat:coverage	8.045510021601972
./libraries/club-moss/club-moss_0.001_8x_MiSeqv3L250R/club-moss_0.001_8x_MiSeqv3L250R.dat:coverage	8.04557394990037
./libraries/club-moss/club-moss_0.01_8x_17/club-moss_0.01_8x_17.dat:coverage	8.04563715174083
./libraries/club-moss/club-moss_0.001_8x_20/club-moss_0.001_8x_20.dat:coverage	8.045695268375738
./libraries/club-moss/club-moss_0.0_8x_MiSeqv3L250R/club-moss_0.0_8x_MiSeqv3L250R.dat:coverage	8.0457504791789
./libraries/club-moss/club-moss_0.001_8x_25/club-moss_0.001_8x_25.dat:coverage	8.045852909747923
./libraries/club-moss/club-moss_0.01_8x_MiSeqv3L250R/club-moss_0.01_8x_MiSeqv3L250R.dat:coverage	8.045900129513784
./libraries/club-moss/club-moss_0.0_8x_20/club-moss_0.0_8x_20.dat:coverage	8.045937178868538
./libraries/club-moss/club-moss_0.001_8x_23/club-moss_0.001_8x_23.dat:coverage	8.045980039886782
./libraries/club-moss/club-moss_0.0_8x_23/club-moss_0.0_8x_23.dat:coverage	8.04598657800821
./libraries/club-moss/club-moss_0.01_8x_23/club-moss_0.01_8x_23.dat:coverage	8.046017089241534
./libraries/club-moss/club-moss_0.0_8x_novaseq_profR/club-moss_0.0_8x_novaseq_profR.dat:coverage	8.046191439146256
