./libraries/club-moss/club-moss_0.01_4x_30/club-moss_0.01_4x_30.dat:error_rate	0.0014233094202038554
./libraries/club-moss/club-moss_0.01_8x_30/club-moss_0.01_8x_30.dat:error_rate	0.0014333602414959845
./libraries/club-moss/club-moss_0.01_2x_30/club-moss_0.01_2x_30.dat:error_rate	0.0015347506005021216
./libraries/club-moss/club-moss_0.001_4x_30/club-moss_0.001_4x_30.dat:error_rate	0.0017445985689743537
./libraries/club-moss/club-moss_0.0_4x_30/club-moss_0.0_4x_30.dat:error_rate	0.0017996257215175948
./libraries/club-moss/club-moss_0.001_2x_30/club-moss_0.001_2x_30.dat:error_rate	0.001810857511927999
./libraries/club-moss/club-moss_0.0_2x_30/club-moss_0.0_2x_30.dat:error_rate	0.001844300060324655
./libraries/club-moss/club-moss_0.001_8x_30/club-moss_0.001_8x_30.dat:error_rate	0.0018492742830856779
./libraries/club-moss/club-moss_0.0_8x_30/club-moss_0.0_8x_30.dat:error_rate	0.001935602341549214
./libraries/club-moss/club-moss_0.01_1x_30/club-moss_0.01_1x_30.dat:error_rate	0.0026000697288329766
./libraries/club-moss/club-moss_0.001_1x_30/club-moss_0.001_1x_30.dat:error_rate	0.0028766098422725594
./libraries/club-moss/club-moss_0.0_1x_30/club-moss_0.0_1x_30.dat:error_rate	0.002912246404923713
./libraries/club-moss/club-moss_0.01_2x_novaseq_profR/club-moss_0.01_2x_novaseq_profR.dat:error_rate	0.0032922517455056255
./libraries/club-moss/club-moss_0.01_4x_novaseq_profR/club-moss_0.01_4x_novaseq_profR.dat:error_rate	0.0033143002654991705
./libraries/club-moss/club-moss_0.01_8x_novaseq_profR/club-moss_0.01_8x_novaseq_profR.dat:error_rate	0.0034434575759321184
./libraries/club-moss/club-moss_0.001_2x_novaseq_profR/club-moss_0.001_2x_novaseq_profR.dat:error_rate	0.0037080678759914276
./libraries/club-moss/club-moss_0.0_2x_novaseq_profR/club-moss_0.0_2x_novaseq_profR.dat:error_rate	0.0037782754255543116
./libraries/club-moss/club-moss_0.001_4x_novaseq_profR/club-moss_0.001_4x_novaseq_profR.dat:error_rate	0.003938085118258772
./libraries/club-moss/club-moss_0.0_4x_novaseq_profR/club-moss_0.0_4x_novaseq_profR.dat:error_rate	0.0040564622224659175
./libraries/club-moss/club-moss_0.01_2x_25/club-moss_0.01_2x_25.dat:error_rate	0.004127689055907879
./libraries/club-moss/club-moss_0.01_4x_25/club-moss_0.01_4x_25.dat:error_rate	0.004251476948381128
./libraries/club-moss/club-moss_0.001_8x_novaseq_profR/club-moss_0.001_8x_novaseq_profR.dat:error_rate	0.004317603695697225
./libraries/club-moss/club-moss_0.01_1x_novaseq_profR/club-moss_0.01_1x_novaseq_profR.dat:error_rate	0.004383780845932939
./libraries/club-moss/club-moss_0.01_8x_25/club-moss_0.01_8x_25.dat:error_rate	0.004405578099257901
./libraries/club-moss/club-moss_0.0_8x_novaseq_profR/club-moss_0.0_8x_novaseq_profR.dat:error_rate	0.004472807034337722
./libraries/club-moss/club-moss_0.001_2x_25/club-moss_0.001_2x_25.dat:error_rate	0.0045659527774595254
./libraries/club-moss/club-moss_0.0_2x_25/club-moss_0.0_2x_25.dat:error_rate	0.004629627000839354
./libraries/club-moss/club-moss_0.0_1x_novaseq_profR/club-moss_0.0_1x_novaseq_profR.dat:error_rate	0.004696848654529351
./libraries/club-moss/club-moss_0.001_1x_novaseq_profR/club-moss_0.001_1x_novaseq_profR.dat:error_rate	0.004701289214989468
./libraries/club-moss/club-moss_0.001_4x_25/club-moss_0.001_4x_25.dat:error_rate	0.004918230385202893
./libraries/club-moss/club-moss_0.0_4x_25/club-moss_0.0_4x_25.dat:error_rate	0.005050816139979708
./libraries/club-moss/club-moss_0.01_1x_25/club-moss_0.01_1x_25.dat:error_rate	0.005167928607905603
./libraries/club-moss/club-moss_0.001_1x_25/club-moss_0.001_1x_25.dat:error_rate	0.005460685667617704
./libraries/club-moss/club-moss_0.0_1x_25/club-moss_0.0_1x_25.dat:error_rate	0.005521378797368692
./libraries/club-moss/club-moss_0.001_8x_25/club-moss_0.001_8x_25.dat:error_rate	0.005540633334157441
./libraries/club-moss/club-moss_0.0_8x_25/club-moss_0.0_8x_25.dat:error_rate	0.00575916832701362
./libraries/club-moss/club-moss_0.01_2x_23/club-moss_0.01_2x_23.dat:error_rate	0.006242494852541025
./libraries/club-moss/club-moss_0.01_4x_23/club-moss_0.01_4x_23.dat:error_rate	0.006560776535880941
./libraries/club-moss/club-moss_0.01_8x_23/club-moss_0.01_8x_23.dat:error_rate	0.0067838948748931704
./libraries/club-moss/club-moss_0.001_2x_23/club-moss_0.001_2x_23.dat:error_rate	0.006796087657070959
./libraries/club-moss/club-moss_0.0_2x_23/club-moss_0.0_2x_23.dat:error_rate	0.006839899966727181
./libraries/club-moss/club-moss_0.01_1x_23/club-moss_0.01_1x_23.dat:error_rate	0.007291531127120776
./libraries/club-moss/club-moss_0.0_1x_23/club-moss_0.0_1x_23.dat:error_rate	0.0076034225516882215
./libraries/club-moss/club-moss_0.001_1x_23/club-moss_0.001_1x_23.dat:error_rate	0.007638245493025164
./libraries/club-moss/club-moss_0.001_4x_23/club-moss_0.001_4x_23.dat:error_rate	0.007805166355392412
./libraries/club-moss/club-moss_0.0_4x_23/club-moss_0.0_4x_23.dat:error_rate	0.008001200275065345
./libraries/club-moss/club-moss_0.001_8x_23/club-moss_0.001_8x_23.dat:error_rate	0.008320927600272365
./libraries/club-moss/club-moss_0.0_8x_23/club-moss_0.0_8x_23.dat:error_rate	0.00862291978171581
./libraries/club-moss/club-moss_0.01_2x_20/club-moss_0.01_2x_20.dat:error_rate	0.01167003212532891
./libraries/club-moss/club-moss_0.001_2x_20/club-moss_0.001_2x_20.dat:error_rate	0.012309389792011016
./libraries/club-moss/club-moss_0.01_4x_20/club-moss_0.01_4x_20.dat:error_rate	0.012380183341579198
./libraries/club-moss/club-moss_0.0_2x_20/club-moss_0.0_2x_20.dat:error_rate	0.012396880869203986
./libraries/club-moss/club-moss_0.01_2x_MiSeqv3L250R/club-moss_0.01_2x_MiSeqv3L250R.dat:error_rate	0.012788198472376
./libraries/club-moss/club-moss_0.01_1x_20/club-moss_0.01_1x_20.dat:error_rate	0.01289017162891104
./libraries/club-moss/club-moss_0.01_8x_20/club-moss_0.01_8x_20.dat:error_rate	0.013022024958052936
./libraries/club-moss/club-moss_0.0_1x_20/club-moss_0.0_1x_20.dat:error_rate	0.013198740453831626
./libraries/club-moss/club-moss_0.001_1x_20/club-moss_0.001_1x_20.dat:error_rate	0.013201804544528906
./libraries/club-moss/club-moss_0.01_4x_MiSeqv3L250R/club-moss_0.01_4x_MiSeqv3L250R.dat:error_rate	0.013472354964552014
./libraries/club-moss/club-moss_0.001_2x_MiSeqv3L250R/club-moss_0.001_2x_MiSeqv3L250R.dat:error_rate	0.013680130359798426
./libraries/club-moss/club-moss_0.0_2x_MiSeqv3L250R/club-moss_0.0_2x_MiSeqv3L250R.dat:error_rate	0.013795910659127442
./libraries/club-moss/club-moss_0.01_1x_MiSeqv3L250R/club-moss_0.01_1x_MiSeqv3L250R.dat:error_rate	0.013966271052232027
./libraries/club-moss/club-moss_0.001_4x_20/club-moss_0.001_4x_20.dat:error_rate	0.014050255143153834
./libraries/club-moss/club-moss_0.01_8x_MiSeqv3L250R/club-moss_0.01_8x_MiSeqv3L250R.dat:error_rate	0.014251556412634536
./libraries/club-moss/club-moss_0.0_4x_20/club-moss_0.0_4x_20.dat:error_rate	0.014342760249611008
./libraries/club-moss/club-moss_0.001_1x_MiSeqv3L250R/club-moss_0.001_1x_MiSeqv3L250R.dat:error_rate	0.014358377290881075
./libraries/club-moss/club-moss_0.0_1x_MiSeqv3L250R/club-moss_0.0_1x_MiSeqv3L250R.dat:error_rate	0.014523908328126667
./libraries/club-moss/club-moss_0.001_4x_MiSeqv3L250R/club-moss_0.001_4x_MiSeqv3L250R.dat:error_rate	0.015381268113484503
./libraries/club-moss/club-moss_0.001_8x_20/club-moss_0.001_8x_20.dat:error_rate	0.015503892488639037
./libraries/club-moss/club-moss_0.0_4x_MiSeqv3L250R/club-moss_0.0_4x_MiSeqv3L250R.dat:error_rate	0.015705878146298757
./libraries/club-moss/club-moss_0.0_8x_20/club-moss_0.0_8x_20.dat:error_rate	0.015951807683412422
./libraries/club-moss/club-moss_0.001_8x_MiSeqv3L250R/club-moss_0.001_8x_MiSeqv3L250R.dat:error_rate	0.017072327649340524
./libraries/club-moss/club-moss_0.0_8x_MiSeqv3L250R/club-moss_0.0_8x_MiSeqv3L250R.dat:error_rate	0.017590160727837367
./libraries/club-moss/club-moss_0.01_2x_HiSeq2500L150R/club-moss_0.01_2x_HiSeq2500L150R.dat:error_rate	0.017667834117288783
./libraries/club-moss/club-moss_0.001_2x_HiSeq2500L150R/club-moss_0.001_2x_HiSeq2500L150R.dat:error_rate	0.01831585916969103
./libraries/club-moss/club-moss_0.0_2x_HiSeq2500L150R/club-moss_0.0_2x_HiSeq2500L150R.dat:error_rate	0.018360548708886593
./libraries/club-moss/club-moss_0.01_4x_HiSeq2500L150R/club-moss_0.01_4x_HiSeq2500L150R.dat:error_rate	0.0183719996874796
./libraries/club-moss/club-moss_0.01_1x_HiSeq2500L150R/club-moss_0.01_1x_HiSeq2500L150R.dat:error_rate	0.01927580597168832
./libraries/club-moss/club-moss_0.001_1x_HiSeq2500L150R/club-moss_0.001_1x_HiSeq2500L150R.dat:error_rate	0.019400553255944697
./libraries/club-moss/club-moss_0.0_1x_HiSeq2500L150R/club-moss_0.0_1x_HiSeq2500L150R.dat:error_rate	0.019419918251233348
./libraries/club-moss/club-moss_0.001_4x_HiSeq2500L150R/club-moss_0.001_4x_HiSeq2500L150R.dat:error_rate	0.0200840523082777
./libraries/club-moss/club-moss_0.0_4x_HiSeq2500L150R/club-moss_0.0_4x_HiSeq2500L150R.dat:error_rate	0.020345799724526326
./libraries/club-moss/club-moss_0.01_2x_17/club-moss_0.01_2x_17.dat:error_rate	0.021800626322118655
./libraries/club-moss/club-moss_0.01_4x_17/club-moss_0.01_4x_17.dat:error_rate	0.02230495047611747
./libraries/club-moss/club-moss_0.001_2x_17/club-moss_0.001_2x_17.dat:error_rate	0.02236215864607094
./libraries/club-moss/club-moss_0.0_2x_17/club-moss_0.0_2x_17.dat:error_rate	0.022418214762262023
./libraries/club-moss/club-moss_0.001_4x_17/club-moss_0.001_4x_17.dat:error_rate	0.023805099323037426
./libraries/club-moss/club-moss_0.0_1x_17/club-moss_0.0_1x_17.dat:error_rate	0.023820459798308602
./libraries/club-moss/club-moss_0.001_1x_17/club-moss_0.001_1x_17.dat:error_rate	0.02393812578451948
./libraries/club-moss/club-moss_0.01_1x_17/club-moss_0.01_1x_17.dat:error_rate	0.02396878572601957
./libraries/club-moss/club-moss_0.0_4x_17/club-moss_0.0_4x_17.dat:error_rate	0.024062961080695833
./libraries/club-moss/club-moss_0.01_8x_HiSeq2500L150R/club-moss_0.01_8x_HiSeq2500L150R.dat:error_rate	0.026915274549986323
./libraries/club-moss/club-moss_0.01_8x_17/club-moss_0.01_8x_17.dat:error_rate	0.02960494124565749
./libraries/club-moss/club-moss_0.01_1x_30/club-moss_0.01_1x_30.dat:coverage	1.3812996957552814
./libraries/club-moss/club-moss_0.01_1x_novaseq_profR/club-moss_0.01_1x_novaseq_profR.dat:coverage	1.417563959977984
./libraries/club-moss/club-moss_0.01_1x_25/club-moss_0.01_1x_25.dat:coverage	1.4289559885194156
./libraries/club-moss/club-moss_0.01_1x_23/club-moss_0.01_1x_23.dat:coverage	1.4647973337388278
./libraries/club-moss/club-moss_0.01_1x_20/club-moss_0.01_1x_20.dat:coverage	1.5704676986914494
./libraries/club-moss/club-moss_0.001_1x_30/club-moss_0.001_1x_30.dat:coverage	1.5857811178299042
./libraries/club-moss/club-moss_0.01_1x_MiSeqv3L250R/club-moss_0.01_1x_MiSeqv3L250R.dat:coverage	1.6016928864501143
./libraries/club-moss/club-moss_0.0_1x_30/club-moss_0.0_1x_30.dat:coverage	1.6247288611502528
./libraries/club-moss/club-moss_0.001_1x_novaseq_profR/club-moss_0.001_1x_novaseq_profR.dat:coverage	1.6286068701383745
./libraries/club-moss/club-moss_0.001_1x_25/club-moss_0.001_1x_25.dat:coverage	1.6357681780988873
./libraries/club-moss/club-moss_0.0_1x_novaseq_profR/club-moss_0.0_1x_novaseq_profR.dat:coverage	1.6567427214728812
./libraries/club-moss/club-moss_0.0_1x_25/club-moss_0.0_1x_25.dat:coverage	1.671896723474874
./libraries/club-moss/club-moss_0.001_1x_23/club-moss_0.001_1x_23.dat:coverage	1.6815886913840876
./libraries/club-moss/club-moss_0.0_1x_23/club-moss_0.0_1x_23.dat:coverage	1.7068658344257415
./libraries/club-moss/club-moss_0.01_1x_HiSeq2500L150R/club-moss_0.01_1x_HiSeq2500L150R.dat:coverage	1.7129560199398706
./libraries/club-moss/club-moss_0.001_1x_20/club-moss_0.001_1x_20.dat:coverage	1.8055605568387474
./libraries/club-moss/club-moss_0.001_1x_MiSeqv3L250R/club-moss_0.001_1x_MiSeqv3L250R.dat:coverage	1.8305535727850912
./libraries/club-moss/club-moss_0.0_1x_20/club-moss_0.0_1x_20.dat:coverage	1.8346271783095975
./libraries/club-moss/club-moss_0.01_1x_17/club-moss_0.01_1x_17.dat:coverage	1.8496502360615679
./libraries/club-moss/club-moss_0.0_1x_MiSeqv3L250R/club-moss_0.0_1x_MiSeqv3L250R.dat:coverage	1.8864936003168715
./libraries/club-moss/club-moss_0.001_1x_HiSeq2500L150R/club-moss_0.001_1x_HiSeq2500L150R.dat:coverage	1.9491668759167564
./libraries/club-moss/club-moss_0.0_1x_HiSeq2500L150R/club-moss_0.0_1x_HiSeq2500L150R.dat:coverage	1.984007984424857
./libraries/club-moss/club-moss_0.0_8x_20/club-moss_0.0_8x_20.dat:coverage	10.136903869988931
./libraries/club-moss/club-moss_0.001_8x_MiSeqv3L250R/club-moss_0.001_8x_MiSeqv3L250R.dat:coverage	10.40406020610184
./libraries/club-moss/club-moss_0.0_8x_MiSeqv3L250R/club-moss_0.0_8x_MiSeqv3L250R.dat:coverage	10.604864860078633
./libraries/club-moss/club-moss_0.0_1x_HiSeq2500L150R/club-moss_0.0_1x_HiSeq2500L150R.dat:genome_length	105557831
./libraries/club-moss/club-moss_0.001_1x_HiSeq2500L150R/club-moss_0.001_1x_HiSeq2500L150R.dat:genome_length	107435118
./libraries/club-moss/club-moss_0.0_1x_MiSeqv3L250R/club-moss_0.0_1x_MiSeqv3L250R.dat:genome_length	111001452
./libraries/club-moss/club-moss_0.01_1x_17/club-moss_0.01_1x_17.dat:genome_length	113225258
./libraries/club-moss/club-moss_0.0_1x_20/club-moss_0.0_1x_20.dat:genome_length	114146397
./libraries/club-moss/club-moss_0.001_1x_MiSeqv3L250R/club-moss_0.001_1x_MiSeqv3L250R.dat:genome_length	114417269
./libraries/club-moss/club-moss_0.001_1x_20/club-moss_0.001_1x_20.dat:genome_length	115976180
./libraries/club-moss/club-moss_0.01_1x_HiSeq2500L150R/club-moss_0.01_1x_HiSeq2500L150R.dat:genome_length	122256417
./libraries/club-moss/club-moss_0.0_1x_23/club-moss_0.0_1x_23.dat:genome_length	122700964
./libraries/club-moss/club-moss_0.001_1x_23/club-moss_0.001_1x_23.dat:genome_length	124545099
./libraries/club-moss/club-moss_0.0_1x_25/club-moss_0.0_1x_25.dat:genome_length	125252248
./libraries/club-moss/club-moss_0.0_1x_novaseq_profR/club-moss_0.0_1x_novaseq_profR.dat:genome_length	126381205
./libraries/club-moss/club-moss_0.001_1x_25/club-moss_0.001_1x_25.dat:genome_length	128011061
./libraries/club-moss/club-moss_0.001_1x_novaseq_profR/club-moss_0.001_1x_novaseq_profR.dat:genome_length	128600049
./libraries/club-moss/club-moss_0.0_1x_30/club-moss_0.0_1x_30.dat:genome_length	128883446
./libraries/club-moss/club-moss_0.01_1x_MiSeqv3L250R/club-moss_0.01_1x_MiSeqv3L250R.dat:genome_length	130753987
./libraries/club-moss/club-moss_0.001_1x_30/club-moss_0.001_1x_30.dat:genome_length	132043560
./libraries/club-moss/club-moss_0.0_2x_17/club-moss_0.0_2x_17.dat:genome_length	132857296
./libraries/club-moss/club-moss_0.01_1x_20/club-moss_0.01_1x_20.dat:genome_length	133319445
./libraries/club-moss/club-moss_0.001_2x_17/club-moss_0.001_2x_17.dat:genome_length	135186474
./libraries/club-moss/club-moss_0.0_2x_HiSeq2500L150R/club-moss_0.0_2x_HiSeq2500L150R.dat:genome_length	136445235
./libraries/club-moss/club-moss_0.0_2x_MiSeqv3L250R/club-moss_0.0_2x_MiSeqv3L250R.dat:genome_length	138651090
./libraries/club-moss/club-moss_0.001_2x_HiSeq2500L150R/club-moss_0.001_2x_HiSeq2500L150R.dat:genome_length	138893225
./libraries/club-moss/club-moss_0.001_2x_MiSeqv3L250R/club-moss_0.001_2x_MiSeqv3L250R.dat:genome_length	141320627
./libraries/club-moss/club-moss_0.01_1x_23/club-moss_0.01_1x_23.dat:genome_length	142933175
./libraries/club-moss/club-moss_0.0_2x_20/club-moss_0.0_2x_20.dat:genome_length	144001631
./libraries/club-moss/club-moss_0.01_1x_25/club-moss_0.01_1x_25.dat:genome_length	146570967
./libraries/club-moss/club-moss_0.001_2x_20/club-moss_0.001_2x_20.dat:genome_length	146909149
./libraries/club-moss/club-moss_0.01_1x_novaseq_profR/club-moss_0.01_1x_novaseq_profR.dat:genome_length	147726560
./libraries/club-moss/club-moss_0.001_1x_17/club-moss_0.001_1x_17.dat:read_length	150
./libraries/club-moss/club-moss_0.001_1x_20/club-moss_0.001_1x_20.dat:read_length	150
./libraries/club-moss/club-moss_0.001_1x_23/club-moss_0.001_1x_23.dat:read_length	150
./libraries/club-moss/club-moss_0.001_1x_25/club-moss_0.001_1x_25.dat:read_length	150
./libraries/club-moss/club-moss_0.001_1x_30/club-moss_0.001_1x_30.dat:read_length	150
./libraries/club-moss/club-moss_0.001_1x_HiSeq2500L150R/club-moss_0.001_1x_HiSeq2500L150R.dat:read_length	150
./libraries/club-moss/club-moss_0.001_1x_MiSeqv3L250R/club-moss_0.001_1x_MiSeqv3L250R.dat:read_length	150
./libraries/club-moss/club-moss_0.001_1x_novaseq_profR/club-moss_0.001_1x_novaseq_profR.dat:read_length	150
./libraries/club-moss/club-moss_0.001_2x_17/club-moss_0.001_2x_17.dat:read_length	150
./libraries/club-moss/club-moss_0.001_2x_20/club-moss_0.001_2x_20.dat:read_length	150
./libraries/club-moss/club-moss_0.001_2x_23/club-moss_0.001_2x_23.dat:read_length	150
./libraries/club-moss/club-moss_0.001_2x_25/club-moss_0.001_2x_25.dat:read_length	150
./libraries/club-moss/club-moss_0.001_2x_30/club-moss_0.001_2x_30.dat:read_length	150
./libraries/club-moss/club-moss_0.001_2x_HiSeq2500L150R/club-moss_0.001_2x_HiSeq2500L150R.dat:read_length	150
./libraries/club-moss/club-moss_0.001_2x_MiSeqv3L250R/club-moss_0.001_2x_MiSeqv3L250R.dat:read_length	150
./libraries/club-moss/club-moss_0.001_2x_novaseq_profR/club-moss_0.001_2x_novaseq_profR.dat:read_length	150
./libraries/club-moss/club-moss_0.001_4x_17/club-moss_0.001_4x_17.dat:read_length	150
./libraries/club-moss/club-moss_0.001_4x_20/club-moss_0.001_4x_20.dat:read_length	150
./libraries/club-moss/club-moss_0.001_4x_23/club-moss_0.001_4x_23.dat:read_length	150
./libraries/club-moss/club-moss_0.001_4x_25/club-moss_0.001_4x_25.dat:read_length	150
./libraries/club-moss/club-moss_0.001_4x_30/club-moss_0.001_4x_30.dat:read_length	150
./libraries/club-moss/club-moss_0.001_4x_HiSeq2500L150R/club-moss_0.001_4x_HiSeq2500L150R.dat:read_length	150
./libraries/club-moss/club-moss_0.001_4x_MiSeqv3L250R/club-moss_0.001_4x_MiSeqv3L250R.dat:read_length	150
./libraries/club-moss/club-moss_0.001_4x_novaseq_profR/club-moss_0.001_4x_novaseq_profR.dat:read_length	150
./libraries/club-moss/club-moss_0.001_8x_17/club-moss_0.001_8x_17.dat:read_length	150
./libraries/club-moss/club-moss_0.001_8x_20/club-moss_0.001_8x_20.dat:read_length	150
./libraries/club-moss/club-moss_0.001_8x_23/club-moss_0.001_8x_23.dat:read_length	150
./libraries/club-moss/club-moss_0.001_8x_25/club-moss_0.001_8x_25.dat:read_length	150
./libraries/club-moss/club-moss_0.001_8x_30/club-moss_0.001_8x_30.dat:read_length	150
./libraries/club-moss/club-moss_0.001_8x_HiSeq2500L150R/club-moss_0.001_8x_HiSeq2500L150R.dat:read_length	150
./libraries/club-moss/club-moss_0.001_8x_MiSeqv3L250R/club-moss_0.001_8x_MiSeqv3L250R.dat:read_length	150
./libraries/club-moss/club-moss_0.001_8x_novaseq_profR/club-moss_0.001_8x_novaseq_profR.dat:read_length	150
./libraries/club-moss/club-moss_0.01_1x_17/club-moss_0.01_1x_17.dat:read_length	150
./libraries/club-moss/club-moss_0.01_1x_20/club-moss_0.01_1x_20.dat:read_length	150
./libraries/club-moss/club-moss_0.01_1x_23/club-moss_0.01_1x_23.dat:read_length	150
./libraries/club-moss/club-moss_0.01_1x_25/club-moss_0.01_1x_25.dat:read_length	150
./libraries/club-moss/club-moss_0.01_1x_30/club-moss_0.01_1x_30.dat:read_length	150
./libraries/club-moss/club-moss_0.01_1x_HiSeq2500L150R/club-moss_0.01_1x_HiSeq2500L150R.dat:read_length	150
./libraries/club-moss/club-moss_0.01_1x_MiSeqv3L250R/club-moss_0.01_1x_MiSeqv3L250R.dat:read_length	150
./libraries/club-moss/club-moss_0.01_1x_novaseq_profR/club-moss_0.01_1x_novaseq_profR.dat:read_length	150
./libraries/club-moss/club-moss_0.01_2x_17/club-moss_0.01_2x_17.dat:read_length	150
./libraries/club-moss/club-moss_0.01_2x_20/club-moss_0.01_2x_20.dat:read_length	150
./libraries/club-moss/club-moss_0.01_2x_23/club-moss_0.01_2x_23.dat:read_length	150
./libraries/club-moss/club-moss_0.01_2x_25/club-moss_0.01_2x_25.dat:read_length	150
./libraries/club-moss/club-moss_0.01_2x_30/club-moss_0.01_2x_30.dat:read_length	150
./libraries/club-moss/club-moss_0.01_2x_HiSeq2500L150R/club-moss_0.01_2x_HiSeq2500L150R.dat:read_length	150
./libraries/club-moss/club-moss_0.01_2x_MiSeqv3L250R/club-moss_0.01_2x_MiSeqv3L250R.dat:read_length	150
./libraries/club-moss/club-moss_0.01_2x_novaseq_profR/club-moss_0.01_2x_novaseq_profR.dat:read_length	150
./libraries/club-moss/club-moss_0.01_4x_17/club-moss_0.01_4x_17.dat:read_length	150
./libraries/club-moss/club-moss_0.01_4x_20/club-moss_0.01_4x_20.dat:read_length	150
./libraries/club-moss/club-moss_0.01_4x_23/club-moss_0.01_4x_23.dat:read_length	150
./libraries/club-moss/club-moss_0.01_4x_25/club-moss_0.01_4x_25.dat:read_length	150
./libraries/club-moss/club-moss_0.01_4x_30/club-moss_0.01_4x_30.dat:read_length	150
./libraries/club-moss/club-moss_0.01_4x_HiSeq2500L150R/club-moss_0.01_4x_HiSeq2500L150R.dat:read_length	150
./libraries/club-moss/club-moss_0.01_4x_MiSeqv3L250R/club-moss_0.01_4x_MiSeqv3L250R.dat:read_length	150
./libraries/club-moss/club-moss_0.01_4x_novaseq_profR/club-moss_0.01_4x_novaseq_profR.dat:read_length	150
./libraries/club-moss/club-moss_0.01_8x_17/club-moss_0.01_8x_17.dat:read_length	150
./libraries/club-moss/club-moss_0.01_8x_20/club-moss_0.01_8x_20.dat:read_length	150
./libraries/club-moss/club-moss_0.01_8x_23/club-moss_0.01_8x_23.dat:read_length	150
./libraries/club-moss/club-moss_0.01_8x_25/club-moss_0.01_8x_25.dat:read_length	150
./libraries/club-moss/club-moss_0.01_8x_30/club-moss_0.01_8x_30.dat:read_length	150
./libraries/club-moss/club-moss_0.01_8x_HiSeq2500L150R/club-moss_0.01_8x_HiSeq2500L150R.dat:read_length	150
./libraries/club-moss/club-moss_0.01_8x_MiSeqv3L250R/club-moss_0.01_8x_MiSeqv3L250R.dat:read_length	150
./libraries/club-moss/club-moss_0.01_8x_novaseq_profR/club-moss_0.01_8x_novaseq_profR.dat:read_length	150
./libraries/club-moss/club-moss_0.0_1x_17/club-moss_0.0_1x_17.dat:read_length	150
./libraries/club-moss/club-moss_0.0_1x_20/club-moss_0.0_1x_20.dat:read_length	150
./libraries/club-moss/club-moss_0.0_1x_23/club-moss_0.0_1x_23.dat:read_length	150
./libraries/club-moss/club-moss_0.0_1x_25/club-moss_0.0_1x_25.dat:read_length	150
./libraries/club-moss/club-moss_0.0_1x_30/club-moss_0.0_1x_30.dat:read_length	150
./libraries/club-moss/club-moss_0.0_1x_HiSeq2500L150R/club-moss_0.0_1x_HiSeq2500L150R.dat:read_length	150
./libraries/club-moss/club-moss_0.0_1x_MiSeqv3L250R/club-moss_0.0_1x_MiSeqv3L250R.dat:read_length	150
./libraries/club-moss/club-moss_0.0_1x_novaseq_profR/club-moss_0.0_1x_novaseq_profR.dat:read_length	150
./libraries/club-moss/club-moss_0.0_2x_17/club-moss_0.0_2x_17.dat:read_length	150
./libraries/club-moss/club-moss_0.0_2x_20/club-moss_0.0_2x_20.dat:read_length	150
./libraries/club-moss/club-moss_0.0_2x_23/club-moss_0.0_2x_23.dat:read_length	150
./libraries/club-moss/club-moss_0.0_2x_25/club-moss_0.0_2x_25.dat:read_length	150
./libraries/club-moss/club-moss_0.0_2x_30/club-moss_0.0_2x_30.dat:read_length	150
./libraries/club-moss/club-moss_0.0_2x_HiSeq2500L150R/club-moss_0.0_2x_HiSeq2500L150R.dat:read_length	150
./libraries/club-moss/club-moss_0.0_2x_MiSeqv3L250R/club-moss_0.0_2x_MiSeqv3L250R.dat:read_length	150
./libraries/club-moss/club-moss_0.0_2x_novaseq_profR/club-moss_0.0_2x_novaseq_profR.dat:read_length	150
./libraries/club-moss/club-moss_0.0_4x_17/club-moss_0.0_4x_17.dat:read_length	150
./libraries/club-moss/club-moss_0.0_4x_20/club-moss_0.0_4x_20.dat:read_length	150
./libraries/club-moss/club-moss_0.0_4x_23/club-moss_0.0_4x_23.dat:read_length	150
./libraries/club-moss/club-moss_0.0_4x_25/club-moss_0.0_4x_25.dat:read_length	150
./libraries/club-moss/club-moss_0.0_4x_30/club-moss_0.0_4x_30.dat:read_length	150
./libraries/club-moss/club-moss_0.0_4x_HiSeq2500L150R/club-moss_0.0_4x_HiSeq2500L150R.dat:read_length	150
./libraries/club-moss/club-moss_0.0_4x_MiSeqv3L250R/club-moss_0.0_4x_MiSeqv3L250R.dat:read_length	150
./libraries/club-moss/club-moss_0.0_4x_novaseq_profR/club-moss_0.0_4x_novaseq_profR.dat:read_length	150
./libraries/club-moss/club-moss_0.0_8x_17/club-moss_0.0_8x_17.dat:read_length	150
./libraries/club-moss/club-moss_0.0_8x_20/club-moss_0.0_8x_20.dat:read_length	150
./libraries/club-moss/club-moss_0.0_8x_23/club-moss_0.0_8x_23.dat:read_length	150
./libraries/club-moss/club-moss_0.0_8x_25/club-moss_0.0_8x_25.dat:read_length	150
./libraries/club-moss/club-moss_0.0_8x_30/club-moss_0.0_8x_30.dat:read_length	150
./libraries/club-moss/club-moss_0.0_8x_HiSeq2500L150R/club-moss_0.0_8x_HiSeq2500L150R.dat:read_length	150
./libraries/club-moss/club-moss_0.0_8x_MiSeqv3L250R/club-moss_0.0_8x_MiSeqv3L250R.dat:read_length	150
./libraries/club-moss/club-moss_0.0_8x_novaseq_profR/club-moss_0.0_8x_novaseq_profR.dat:read_length	150
./libraries/club-moss/club-moss_0.01_1x_30/club-moss_0.01_1x_30.dat:genome_length	151569344
./libraries/club-moss/club-moss_0.0_2x_23/club-moss_0.0_2x_23.dat:genome_length	152439611
./libraries/club-moss/club-moss_0.01_2x_17/club-moss_0.01_2x_17.dat:genome_length	154127395
./libraries/club-moss/club-moss_0.001_2x_23/club-moss_0.001_2x_23.dat:genome_length	154703356
./libraries/club-moss/club-moss_0.0_2x_25/club-moss_0.0_2x_25.dat:genome_length	155933494
./libraries/club-moss/club-moss_0.0_2x_novaseq_profR/club-moss_0.0_2x_novaseq_profR.dat:genome_length	157487370
./libraries/club-moss/club-moss_0.0_8x_MiSeqv3L250R/club-moss_0.0_8x_MiSeqv3L250R.dat:genome_length	157961496
./libraries/club-moss/club-moss_0.01_2x_HiSeq2500L150R/club-moss_0.01_2x_HiSeq2500L150R.dat:genome_length	158043497
./libraries/club-moss/club-moss_0.001_2x_25/club-moss_0.001_2x_25.dat:genome_length	159011234
./libraries/club-moss/club-moss_0.001_2x_novaseq_profR/club-moss_0.001_2x_novaseq_profR.dat:genome_length	160403809
./libraries/club-moss/club-moss_0.001_8x_MiSeqv3L250R/club-moss_0.001_8x_MiSeqv3L250R.dat:genome_length	161005130
./libraries/club-moss/club-moss_0.0_4x_MiSeqv3L250R/club-moss_0.0_4x_MiSeqv3L250R.dat:genome_length	161119708
./libraries/club-moss/club-moss_0.0_2x_30/club-moss_0.0_2x_30.dat:genome_length	161375966
./libraries/club-moss/club-moss_0.01_2x_MiSeqv3L250R/club-moss_0.01_2x_MiSeqv3L250R.dat:genome_length	161607088
./libraries/club-moss/club-moss_0.001_4x_MiSeqv3L250R/club-moss_0.001_4x_MiSeqv3L250R.dat:genome_length	163827203
./libraries/club-moss/club-moss_0.001_2x_30/club-moss_0.001_2x_30.dat:genome_length	163916953
./libraries/club-moss/club-moss_0.0_8x_20/club-moss_0.0_8x_20.dat:genome_length	165257002
./libraries/club-moss/club-moss_0.0_4x_17/club-moss_0.0_4x_17.dat:genome_length	165441617
./libraries/club-moss/club-moss_0.01_2x_20/club-moss_0.01_2x_20.dat:genome_length	165676300
./libraries/club-moss/club-moss_0.0_4x_HiSeq2500L150R/club-moss_0.0_4x_HiSeq2500L150R.dat:genome_length	165892800
./libraries/club-moss/club-moss_0.001_8x_20/club-moss_0.001_8x_20.dat:genome_length	167930595
./libraries/club-moss/club-moss_0.001_4x_17/club-moss_0.001_4x_17.dat:genome_length	168027697
./libraries/club-moss/club-moss_0.001_4x_HiSeq2500L150R/club-moss_0.001_4x_HiSeq2500L150R.dat:genome_length	168519036
./libraries/club-moss/club-moss_0.0_4x_25/club-moss_0.0_4x_25.dat:genome_length	172329968
./libraries/club-moss/club-moss_0.0_4x_20/club-moss_0.0_4x_20.dat:genome_length	172481228
./libraries/club-moss/club-moss_0.01_2x_23/club-moss_0.01_2x_23.dat:genome_length	172946999
./libraries/club-moss/club-moss_0.001_4x_25/club-moss_0.001_4x_25.dat:genome_length	174319861
./libraries/club-moss/club-moss_0.001_4x_20/club-moss_0.001_4x_20.dat:genome_length	174695607
./libraries/club-moss/club-moss_0.0_4x_novaseq_profR/club-moss_0.0_4x_novaseq_profR.dat:genome_length	174960270
./libraries/club-moss/club-moss_0.01_2x_25/club-moss_0.01_2x_25.dat:genome_length	176190860
./libraries/club-moss/club-moss_0.001_4x_novaseq_profR/club-moss_0.001_4x_novaseq_profR.dat:genome_length	177346878
./libraries/club-moss/club-moss_0.0_8x_23/club-moss_0.0_8x_23.dat:genome_length	177367645
./libraries/club-moss/club-moss_0.01_2x_novaseq_profR/club-moss_0.01_2x_novaseq_profR.dat:genome_length	178026888
./libraries/club-moss/club-moss_0.001_8x_23/club-moss_0.001_8x_23.dat:genome_length	179563599
./libraries/club-moss/club-moss_0.01_8x_MiSeqv3L250R/club-moss_0.01_8x_MiSeqv3L250R.dat:genome_length	179947490
./libraries/club-moss/club-moss_0.0_4x_23/club-moss_0.0_4x_23.dat:genome_length	180721289
./libraries/club-moss/club-moss_0.01_4x_MiSeqv3L250R/club-moss_0.01_4x_MiSeqv3L250R.dat:genome_length	180979378
./libraries/club-moss/club-moss_0.01_2x_30/club-moss_0.01_2x_30.dat:genome_length	181334121
./libraries/club-moss/club-moss_0.0_4x_30/club-moss_0.0_4x_30.dat:genome_length	181612428
./libraries/club-moss/club-moss_0.001_4x_23/club-moss_0.001_4x_23.dat:genome_length	182783498
./libraries/club-moss/club-moss_0.001_4x_30/club-moss_0.001_4x_30.dat:genome_length	183466922
./libraries/club-moss/club-moss_0.0_8x_novaseq_profR/club-moss_0.0_8x_novaseq_profR.dat:genome_length	184166559
./libraries/club-moss/club-moss_0.01_8x_20/club-moss_0.01_8x_20.dat:genome_length	184769896
./libraries/club-moss/club-moss_0.01_4x_17/club-moss_0.01_4x_17.dat:genome_length	185044729
./libraries/club-moss/club-moss_0.01_4x_HiSeq2500L150R/club-moss_0.01_4x_HiSeq2500L150R.dat:genome_length	185325171
./libraries/club-moss/club-moss_0.0_8x_25/club-moss_0.0_8x_25.dat:genome_length	185598736
./libraries/club-moss/club-moss_0.001_8x_novaseq_profR/club-moss_0.001_8x_novaseq_profR.dat:genome_length	186218431
./libraries/club-moss/club-moss_0.001_8x_25/club-moss_0.001_8x_25.dat:genome_length	187287068
./libraries/club-moss/club-moss_0.01_4x_20/club-moss_0.01_4x_20.dat:genome_length	189103891
./libraries/club-moss/club-moss_0.01_4x_novaseq_profR/club-moss_0.01_4x_novaseq_profR.dat:genome_length	190492974
./libraries/club-moss/club-moss_0.01_8x_23/club-moss_0.01_8x_23.dat:genome_length	191927248
./libraries/club-moss/club-moss_0.0_8x_30/club-moss_0.0_8x_30.dat:genome_length	193294972
./libraries/club-moss/club-moss_0.01_4x_23/club-moss_0.01_4x_23.dat:genome_length	193423381
./libraries/club-moss/club-moss_0.01_4x_30/club-moss_0.01_4x_30.dat:genome_length	194113861
./libraries/club-moss/club-moss_0.001_8x_30/club-moss_0.001_8x_30.dat:genome_length	194185874
./libraries/club-moss/club-moss_0.01_8x_novaseq_profR/club-moss_0.01_8x_novaseq_profR.dat:genome_length	195913141
./libraries/club-moss/club-moss_0.01_4x_25/club-moss_0.01_4x_25.dat:genome_length	196065908
./libraries/club-moss/club-moss_0.01_8x_25/club-moss_0.01_8x_25.dat:genome_length	196671654
./libraries/club-moss/club-moss_0.001_1x_17/club-moss_0.001_1x_17.dat:coverage	2.098684508133757
./libraries/club-moss/club-moss_0.0_1x_17/club-moss_0.0_1x_17.dat:coverage	2.118505400559505
./libraries/club-moss/club-moss_0.01_2x_30/club-moss_0.01_2x_30.dat:coverage	2.309329958818949
./libraries/club-moss/club-moss_0.01_2x_novaseq_profR/club-moss_0.01_2x_novaseq_profR.dat:coverage	2.352585895727242
./libraries/club-moss/club-moss_0.01_2x_25/club-moss_0.01_2x_25.dat:coverage	2.3770627989078505
./libraries/club-moss/club-moss_0.01_2x_23/club-moss_0.01_2x_23.dat:coverage	2.4215237089435675
./libraries/club-moss/club-moss_0.01_2x_20/club-moss_0.01_2x_20.dat:coverage	2.5276150844792618
./libraries/club-moss/club-moss_0.001_2x_30/club-moss_0.001_2x_30.dat:coverage	2.5550249089441515
./libraries/club-moss/club-moss_0.01_2x_MiSeqv3L250R/club-moss_0.01_2x_MiSeqv3L250R.dat:coverage	2.5914196234154083
./libraries/club-moss/club-moss_0.0_2x_30/club-moss_0.0_2x_30.dat:coverage	2.594948279758854
./libraries/club-moss/club-moss_0.001_2x_novaseq_profR/club-moss_0.001_2x_novaseq_profR.dat:coverage	2.6109375898911322
./libraries/club-moss/club-moss_0.001_2x_25/club-moss_0.001_2x_25.dat:coverage	2.6339309091616987
./libraries/club-moss/club-moss_0.01_2x_HiSeq2500L150R/club-moss_0.01_2x_HiSeq2500L150R.dat:coverage	2.6498054440651426
./libraries/club-moss/club-moss_0.0_2x_novaseq_profR/club-moss_0.0_2x_novaseq_profR.dat:coverage	2.658963760584804
./libraries/club-moss/club-moss_0.0_2x_25/club-moss_0.0_2x_25.dat:coverage	2.685777511474775
./libraries/club-moss/club-moss_0.001_2x_23/club-moss_0.001_2x_23.dat:coverage	2.7072256318520225
./libraries/club-moss/club-moss_0.01_2x_17/club-moss_0.01_2x_17.dat:coverage	2.717203912266184
./libraries/club-moss/club-moss_0.0_2x_23/club-moss_0.0_2x_23.dat:coverage	2.747076951365423
./libraries/club-moss/club-moss_0.001_2x_20/club-moss_0.001_2x_20.dat:coverage	2.8509521693793145
./libraries/club-moss/club-moss_0.0_2x_20/club-moss_0.0_2x_20.dat:coverage	2.9080647488027402
./libraries/club-moss/club-moss_0.001_2x_MiSeqv3L250R/club-moss_0.001_2x_MiSeqv3L250R.dat:coverage	2.963574220423111
./libraries/club-moss/club-moss_0.01_8x_HiSeq2500L150R/club-moss_0.01_8x_HiSeq2500L150R.dat:genome_length	200225776
./libraries/club-moss/club-moss_0.01_8x_30/club-moss_0.01_8x_30.dat:genome_length	200795829
./libraries/club-moss/club-moss_0.01_8x_17/club-moss_0.01_8x_17.dat:genome_length	208678348
./libraries/club-moss/club-moss_0.001_2x_HiSeq2500L150R/club-moss_0.001_2x_HiSeq2500L150R.dat:coverage	3.015429929064776
./libraries/club-moss/club-moss_0.0_2x_MiSeqv3L250R/club-moss_0.0_2x_MiSeqv3L250R.dat:coverage	3.021287248105794
./libraries/club-moss/club-moss_0.0_2x_HiSeq2500L150R/club-moss_0.0_2x_HiSeq2500L150R.dat:coverage	3.069413935147111
./libraries/club-moss/club-moss_0.001_2x_17/club-moss_0.001_2x_17.dat:coverage	3.098231361645895
./libraries/club-moss/club-moss_0.0_2x_17/club-moss_0.0_2x_17.dat:coverage	3.152377004339911
./libraries/club-moss/club-moss_0.01_4x_25/club-moss_0.01_4x_25.dat:coverage	4.271807044141918
./libraries/club-moss/club-moss_0.01_4x_30/club-moss_0.01_4x_30.dat:coverage	4.314886732721793
./libraries/club-moss/club-moss_0.01_4x_23/club-moss_0.01_4x_23.dat:coverage	4.330394747022172
./libraries/club-moss/club-moss_0.01_4x_novaseq_profR/club-moss_0.01_4x_novaseq_profR.dat:coverage	4.397055703930673
./libraries/club-moss/club-moss_0.01_4x_20/club-moss_0.01_4x_20.dat:coverage	4.428925209076113
./libraries/club-moss/club-moss_0.01_4x_HiSeq2500L150R/club-moss_0.01_4x_HiSeq2500L150R.dat:coverage	4.520051445902225
./libraries/club-moss/club-moss_0.01_4x_17/club-moss_0.01_4x_17.dat:coverage	4.52644399490111
./libraries/club-moss/club-moss_0.001_4x_30/club-moss_0.001_4x_30.dat:coverage	4.5653835662770295
./libraries/club-moss/club-moss_0.001_4x_23/club-moss_0.001_4x_23.dat:coverage	4.581889064205768
./libraries/club-moss/club-moss_0.0_4x_30/club-moss_0.0_4x_30.dat:coverage	4.612188521459322
./libraries/club-moss/club-moss_0.01_4x_MiSeqv3L250R/club-moss_0.01_4x_MiSeqv3L250R.dat:coverage	4.627767411454308
./libraries/club-moss/club-moss_0.0_4x_23/club-moss_0.0_4x_23.dat:coverage	4.635025848324263
./libraries/club-moss/club-moss_0.001_4x_novaseq_profR/club-moss_0.001_4x_novaseq_profR.dat:coverage	4.723266799326295
./libraries/club-moss/club-moss_0.0_4x_novaseq_profR/club-moss_0.0_4x_novaseq_profR.dat:coverage	4.787465364896664
./libraries/club-moss/club-moss_0.001_4x_20/club-moss_0.001_4x_20.dat:coverage	4.7950387226192195
./libraries/club-moss/club-moss_0.001_4x_25/club-moss_0.001_4x_25.dat:coverage	4.804944031836565
./libraries/club-moss/club-moss_0.0_4x_20/club-moss_0.0_4x_20.dat:coverage	4.856000274468711
./libraries/club-moss/club-moss_0.0_4x_25/club-moss_0.0_4x_25.dat:coverage	4.860873451631897
./libraries/club-moss/club-moss_0.001_4x_HiSeq2500L150R/club-moss_0.001_4x_HiSeq2500L150R.dat:coverage	4.970455594893306
./libraries/club-moss/club-moss_0.001_4x_17/club-moss_0.001_4x_17.dat:coverage	4.98488733544741
./libraries/club-moss/club-moss_0.0_4x_HiSeq2500L150R/club-moss_0.0_4x_HiSeq2500L150R.dat:coverage	5.048656495503444
./libraries/club-moss/club-moss_0.0_4x_17/club-moss_0.0_4x_17.dat:coverage	5.063364796701819
./libraries/club-moss/club-moss_0.001_4x_MiSeqv3L250R/club-moss_0.001_4x_MiSeqv3L250R.dat:coverage	5.112939764407058
./libraries/club-moss/club-moss_0.0_4x_MiSeqv3L250R/club-moss_0.0_4x_MiSeqv3L250R.dat:coverage	5.199172399932414
./libraries/club-moss/club-moss_0.01_8x_17/club-moss_0.01_8x_17.dat:coverage	8.027505885560792
./libraries/club-moss/club-moss_0.01_8x_30/club-moss_0.01_8x_30.dat:coverage	8.342422857688401
./libraries/club-moss/club-moss_0.01_8x_HiSeq2500L150R/club-moss_0.01_8x_HiSeq2500L150R.dat:coverage	8.3663327783647
./libraries/club-moss/club-moss_0.01_8x_25/club-moss_0.01_8x_25.dat:coverage	8.518255881995819
./libraries/club-moss/club-moss_0.01_8x_novaseq_profR/club-moss_0.01_8x_novaseq_profR.dat:coverage	8.550196630518021
./libraries/club-moss/club-moss_0.001_8x_30/club-moss_0.001_8x_30.dat:coverage	8.62673285288229
./libraries/club-moss/club-moss_0.0_8x_30/club-moss_0.0_8x_30.dat:coverage	8.666361467911145
./libraries/club-moss/club-moss_0.01_8x_23/club-moss_0.01_8x_23.dat:coverage	8.728960358266352
./libraries/club-moss/club-moss_0.001_8x_25/club-moss_0.001_8x_25.dat:coverage	8.944635019045199
./libraries/club-moss/club-moss_0.001_8x_novaseq_profR/club-moss_0.001_8x_novaseq_profR.dat:coverage	8.995760190768863
./libraries/club-moss/club-moss_0.0_8x_25/club-moss_0.0_8x_25.dat:coverage	9.025316053927257
./libraries/club-moss/club-moss_0.01_8x_20/club-moss_0.01_8x_20.dat:coverage	9.066518129912719
./libraries/club-moss/club-moss_0.0_8x_novaseq_profR/club-moss_0.0_8x_novaseq_profR.dat:coverage	9.096156320047271
./libraries/club-moss/club-moss_0.01_8x_MiSeqv3L250R/club-moss_0.01_8x_MiSeqv3L250R.dat:coverage	9.308590290390223
./libraries/club-moss/club-moss_0.001_8x_23/club-moss_0.001_8x_23.dat:coverage	9.329191261964166
./libraries/club-moss/club-moss_0.0_8x_23/club-moss_0.0_8x_23.dat:coverage	9.444600293291836
./libraries/club-moss/club-moss_0.001_8x_20/club-moss_0.001_8x_20.dat:coverage	9.975598003342157
./libraries/club-moss/club-moss_0.0_1x_17/club-moss_0.0_1x_17.dat:genome_length	98863927
./libraries/club-moss/club-moss_0.001_1x_17/club-moss_0.001_1x_17.dat:genome_length	99791371
./libraries/club-moss/club-moss_0.001_8x_17/club-moss_0.001_8x_17.dat:coverage	NA
./libraries/club-moss/club-moss_0.001_8x_17/club-moss_0.001_8x_17.dat:error_rate	NA
./libraries/club-moss/club-moss_0.001_8x_17/club-moss_0.001_8x_17.dat:genome_length	NA
./libraries/club-moss/club-moss_0.001_8x_HiSeq2500L150R/club-moss_0.001_8x_HiSeq2500L150R.dat:coverage	NA
./libraries/club-moss/club-moss_0.001_8x_HiSeq2500L150R/club-moss_0.001_8x_HiSeq2500L150R.dat:error_rate	NA
./libraries/club-moss/club-moss_0.001_8x_HiSeq2500L150R/club-moss_0.001_8x_HiSeq2500L150R.dat:genome_length	NA
./libraries/club-moss/club-moss_0.0_8x_17/club-moss_0.0_8x_17.dat:coverage	NA
./libraries/club-moss/club-moss_0.0_8x_17/club-moss_0.0_8x_17.dat:error_rate	NA
./libraries/club-moss/club-moss_0.0_8x_17/club-moss_0.0_8x_17.dat:genome_length	NA
./libraries/club-moss/club-moss_0.0_8x_HiSeq2500L150R/club-moss_0.0_8x_HiSeq2500L150R.dat:coverage	NA
./libraries/club-moss/club-moss_0.0_8x_HiSeq2500L150R/club-moss_0.0_8x_HiSeq2500L150R.dat:error_rate	NA
./libraries/club-moss/club-moss_0.0_8x_HiSeq2500L150R/club-moss_0.0_8x_HiSeq2500L150R.dat:genome_length	NA
