./libraries/club-moss/club-moss_0.0_1x_novaseq_profR/club-moss_0.0_1x_novaseq_profR.dat:error_rate	0.00230354025226287
./libraries/club-moss/club-moss_0.0_8x_novaseq_profR/club-moss_0.0_8x_novaseq_profR.dat:error_rate	0.0023333570642947166
./libraries/club-moss/club-moss_0.0_4x_novaseq_profR/club-moss_0.0_4x_novaseq_profR.dat:error_rate	0.0023350627531254498
./libraries/club-moss/club-moss_0.0_2x_novaseq_profR/club-moss_0.0_2x_novaseq_profR.dat:error_rate	0.0023428484137915095
./libraries/club-moss/club-moss_0.001_1x_novaseq_profR/club-moss_0.001_1x_novaseq_profR.dat:error_rate	0.002387130330839482
./libraries/club-moss/club-moss_0.001_2x_novaseq_profR/club-moss_0.001_2x_novaseq_profR.dat:error_rate	0.0024831402438455497
./libraries/club-moss/club-moss_0.001_8x_novaseq_profR/club-moss_0.001_8x_novaseq_profR.dat:error_rate	0.0025979888294933584
./libraries/club-moss/club-moss_0.001_4x_novaseq_profR/club-moss_0.001_4x_novaseq_profR.dat:error_rate	0.002649857555455548
./libraries/club-moss/club-moss_0.0_1x_25/club-moss_0.0_1x_25.dat:error_rate	0.0029338004008158114
./libraries/club-moss/club-moss_0.0_2x_25/club-moss_0.0_2x_25.dat:error_rate	0.0029746369044788556
./libraries/club-moss/club-moss_0.0_8x_25/club-moss_0.0_8x_25.dat:error_rate	0.003004171810212508
./libraries/club-moss/club-moss_0.0_4x_25/club-moss_0.0_4x_25.dat:error_rate	0.0030054350821183684
./libraries/club-moss/club-moss_0.001_1x_25/club-moss_0.001_1x_25.dat:error_rate	0.0030200432569847946
./libraries/club-moss/club-moss_0.001_2x_25/club-moss_0.001_2x_25.dat:error_rate	0.003105273233294348
./libraries/club-moss/club-moss_0.01_1x_novaseq_profR/club-moss_0.01_1x_novaseq_profR.dat:error_rate	0.0031874836995863243
./libraries/club-moss/club-moss_0.001_8x_25/club-moss_0.001_8x_25.dat:error_rate	0.003248434957763391
./libraries/club-moss/club-moss_0.001_4x_25/club-moss_0.001_4x_25.dat:error_rate	0.0032764707838696117
./libraries/club-moss/club-moss_0.01_2x_novaseq_profR/club-moss_0.01_2x_novaseq_profR.dat:error_rate	0.0036909295860246827
./libraries/club-moss/club-moss_0.01_1x_25/club-moss_0.01_1x_25.dat:error_rate	0.003878209996105997
./libraries/club-moss/club-moss_0.01_2x_25/club-moss_0.01_2x_25.dat:error_rate	0.004298261620478527
./libraries/club-moss/club-moss_0.01_4x_novaseq_profR/club-moss_0.01_4x_novaseq_profR.dat:error_rate	0.004605484313772612
./libraries/club-moss/club-moss_0.0_1x_23/club-moss_0.0_1x_23.dat:error_rate	0.004621550049749068
./libraries/club-moss/club-moss_0.0_2x_23/club-moss_0.0_2x_23.dat:error_rate	0.004666202298903688
./libraries/club-moss/club-moss_0.001_1x_23/club-moss_0.001_1x_23.dat:error_rate	0.00472287348508138
./libraries/club-moss/club-moss_0.0_4x_23/club-moss_0.0_4x_23.dat:error_rate	0.004727046202036123
./libraries/club-moss/club-moss_0.0_8x_23/club-moss_0.0_8x_23.dat:error_rate	0.004739349255711511
./libraries/club-moss/club-moss_0.001_2x_23/club-moss_0.001_2x_23.dat:error_rate	0.0047777360662955015
./libraries/club-moss/club-moss_0.01_8x_novaseq_profR/club-moss_0.01_8x_novaseq_profR.dat:error_rate	0.004825651847871648
./libraries/club-moss/club-moss_0.001_8x_23/club-moss_0.001_8x_23.dat:error_rate	0.0049686652298195355
./libraries/club-moss/club-moss_0.001_4x_23/club-moss_0.001_4x_23.dat:error_rate	0.004985351267843274
./libraries/club-moss/club-moss_0.01_4x_25/club-moss_0.01_4x_25.dat:error_rate	0.005223421976965681
./libraries/club-moss/club-moss_0.01_8x_25/club-moss_0.01_8x_25.dat:error_rate	0.005449304780482667
./libraries/club-moss/club-moss_0.01_1x_23/club-moss_0.01_1x_23.dat:error_rate	0.005542794593381251
./libraries/club-moss/club-moss_0.01_2x_23/club-moss_0.01_2x_23.dat:error_rate	0.005896944077373956
./libraries/club-moss/club-moss_0.01_4x_23/club-moss_0.01_4x_23.dat:error_rate	0.006823933769005919
./libraries/club-moss/club-moss_0.01_8x_23/club-moss_0.01_8x_23.dat:error_rate	0.007169140853115263
./libraries/club-moss/club-moss_0.0_1x_20/club-moss_0.0_1x_20.dat:error_rate	0.00903201276169363
./libraries/club-moss/club-moss_0.0_2x_20/club-moss_0.0_2x_20.dat:error_rate	0.009069660841458327
./libraries/club-moss/club-moss_0.0_8x_20/club-moss_0.0_8x_20.dat:error_rate	0.009117328784668088
./libraries/club-moss/club-moss_0.001_1x_20/club-moss_0.001_1x_20.dat:error_rate	0.009147974076547882
./libraries/club-moss/club-moss_0.001_2x_20/club-moss_0.001_2x_20.dat:error_rate	0.009232708591074279
./libraries/club-moss/club-moss_0.0_4x_20/club-moss_0.0_4x_20.dat:error_rate	0.009241627834901789
./libraries/club-moss/club-moss_0.001_4x_20/club-moss_0.001_4x_20.dat:error_rate	0.009481490037174911
./libraries/club-moss/club-moss_0.001_8x_20/club-moss_0.001_8x_20.dat:error_rate	0.0095737347364383
./libraries/club-moss/club-moss_0.0_1x_MiSeqv3L250R/club-moss_0.0_1x_MiSeqv3L250R.dat:error_rate	0.01002056011489183
./libraries/club-moss/club-moss_0.0_2x_MiSeqv3L250R/club-moss_0.0_2x_MiSeqv3L250R.dat:error_rate	0.010042897325144406
./libraries/club-moss/club-moss_0.001_1x_MiSeqv3L250R/club-moss_0.001_1x_MiSeqv3L250R.dat:error_rate	0.010123501584158312
./libraries/club-moss/club-moss_0.0_4x_MiSeqv3L250R/club-moss_0.0_4x_MiSeqv3L250R.dat:error_rate	0.010124031668477973
./libraries/club-moss/club-moss_0.001_2x_MiSeqv3L250R/club-moss_0.001_2x_MiSeqv3L250R.dat:error_rate	0.010142398355686644
./libraries/club-moss/club-moss_0.0_8x_MiSeqv3L250R/club-moss_0.0_8x_MiSeqv3L250R.dat:error_rate	0.010153512954691801
./libraries/club-moss/club-moss_0.01_1x_20/club-moss_0.01_1x_20.dat:error_rate	0.010185183314123214
./libraries/club-moss/club-moss_0.01_2x_20/club-moss_0.01_2x_20.dat:error_rate	0.010289933617269598
./libraries/club-moss/club-moss_0.001_4x_MiSeqv3L250R/club-moss_0.001_4x_MiSeqv3L250R.dat:error_rate	0.010317504866897975
./libraries/club-moss/club-moss_0.001_8x_MiSeqv3L250R/club-moss_0.001_8x_MiSeqv3L250R.dat:error_rate	0.010403787968200962
./libraries/club-moss/club-moss_0.01_1x_MiSeqv3L250R/club-moss_0.01_1x_MiSeqv3L250R.dat:error_rate	0.011093151638184029
./libraries/club-moss/club-moss_0.01_2x_MiSeqv3L250R/club-moss_0.01_2x_MiSeqv3L250R.dat:error_rate	0.01113199783046348
./libraries/club-moss/club-moss_0.01_4x_20/club-moss_0.01_4x_20.dat:error_rate	0.011188943321377764
./libraries/club-moss/club-moss_0.01_8x_20/club-moss_0.01_8x_20.dat:error_rate	0.011888851506020925
./libraries/club-moss/club-moss_0.01_4x_MiSeqv3L250R/club-moss_0.01_4x_MiSeqv3L250R.dat:error_rate	0.011925889848434235
./libraries/club-moss/club-moss_0.01_8x_MiSeqv3L250R/club-moss_0.01_8x_MiSeqv3L250R.dat:error_rate	0.012634444470041473
./libraries/club-moss/club-moss_0.0_1x_HiSeq2500L150R/club-moss_0.0_1x_HiSeq2500L150R.dat:error_rate	0.014101028950897043
./libraries/club-moss/club-moss_0.0_2x_HiSeq2500L150R/club-moss_0.0_2x_HiSeq2500L150R.dat:error_rate	0.01412441563606559
./libraries/club-moss/club-moss_0.001_1x_HiSeq2500L150R/club-moss_0.001_1x_HiSeq2500L150R.dat:error_rate	0.014204243788302207
./libraries/club-moss/club-moss_0.001_2x_HiSeq2500L150R/club-moss_0.001_2x_HiSeq2500L150R.dat:error_rate	0.014223726025148986
./libraries/club-moss/club-moss_0.0_4x_HiSeq2500L150R/club-moss_0.0_4x_HiSeq2500L150R.dat:error_rate	0.014447347556666656
./libraries/club-moss/club-moss_0.0_8x_HiSeq2500L150R/club-moss_0.0_8x_HiSeq2500L150R.dat:error_rate	0.014662802090984584
./libraries/club-moss/club-moss_0.001_4x_HiSeq2500L150R/club-moss_0.001_4x_HiSeq2500L150R.dat:error_rate	0.014667389383133944
./libraries/club-moss/club-moss_0.001_8x_HiSeq2500L150R/club-moss_0.001_8x_HiSeq2500L150R.dat:error_rate	0.014921124446550471
./libraries/club-moss/club-moss_0.01_2x_HiSeq2500L150R/club-moss_0.01_2x_HiSeq2500L150R.dat:error_rate	0.015406414531131896
./libraries/club-moss/club-moss_0.01_1x_HiSeq2500L150R/club-moss_0.01_1x_HiSeq2500L150R.dat:error_rate	0.015406918716794005
./libraries/club-moss/club-moss_0.01_4x_HiSeq2500L150R/club-moss_0.01_4x_HiSeq2500L150R.dat:error_rate	0.016362640484495095
./libraries/club-moss/club-moss_0.01_8x_HiSeq2500L150R/club-moss_0.01_8x_HiSeq2500L150R.dat:error_rate	0.017495573926811336
./libraries/club-moss/club-moss_0.01_1x_20/club-moss_0.01_1x_20.dat:coverage	1.0054867973939448
./libraries/club-moss/club-moss_0.0_1x_23/club-moss_0.0_1x_23.dat:coverage	1.0055252996645707
./libraries/club-moss/club-moss_0.01_1x_MiSeqv3L250R/club-moss_0.01_1x_MiSeqv3L250R.dat:coverage	1.0055441875709155
./libraries/club-moss/club-moss_0.0_1x_25/club-moss_0.0_1x_25.dat:coverage	1.0055507256923426
./libraries/club-moss/club-moss_0.0_1x_novaseq_profR/club-moss_0.0_1x_novaseq_profR.dat:coverage	1.0055688871407509
./libraries/club-moss/club-moss_0.01_1x_HiSeq2500L150R/club-moss_0.01_1x_HiSeq2500L150R.dat:coverage	1.0055703400566236
./libraries/club-moss/club-moss_0.001_1x_HiSeq2500L150R/club-moss_0.001_1x_HiSeq2500L150R.dat:coverage	1.0055732458883688
./libraries/club-moss/club-moss_0.01_1x_23/club-moss_0.01_1x_23.dat:coverage	1.005595039626459
./libraries/club-moss/club-moss_0.01_1x_25/club-moss_0.01_1x_25.dat:coverage	1.005603757121695
./libraries/club-moss/club-moss_0.0_1x_20/club-moss_0.0_1x_20.dat:coverage	1.0056211921121672
./libraries/club-moss/club-moss_0.0_1x_HiSeq2500L150R/club-moss_0.0_1x_HiSeq2500L150R.dat:coverage	1.0056270037756578
./libraries/club-moss/club-moss_0.001_1x_MiSeqv3L250R/club-moss_0.001_1x_MiSeqv3L250R.dat:coverage	1.0056952908216734
./libraries/club-moss/club-moss_0.001_1x_novaseq_profR/club-moss_0.001_1x_novaseq_profR.dat:coverage	1.0056974701954824
./libraries/club-moss/club-moss_0.0_1x_MiSeqv3L250R/club-moss_0.0_1x_MiSeqv3L250R.dat:coverage	1.0056989231113551
./libraries/club-moss/club-moss_0.001_1x_20/club-moss_0.001_1x_20.dat:coverage	1.0057708424470524
./libraries/club-moss/club-moss_0.001_1x_23/club-moss_0.001_1x_23.dat:coverage	1.005797721390697
./libraries/club-moss/club-moss_0.001_1x_25/club-moss_0.001_1x_25.dat:coverage	1.0058086182597419
./libraries/club-moss/club-moss_0.01_1x_novaseq_profR/club-moss_0.01_1x_novaseq_profR.dat:coverage	1.0058354972033865
./libraries/club-moss/club-moss_0.001_1x_20/club-moss_0.001_1x_20.dat:read_length	150
./libraries/club-moss/club-moss_0.001_1x_23/club-moss_0.001_1x_23.dat:read_length	150
./libraries/club-moss/club-moss_0.001_1x_25/club-moss_0.001_1x_25.dat:read_length	150
./libraries/club-moss/club-moss_0.001_1x_HiSeq2500L150R/club-moss_0.001_1x_HiSeq2500L150R.dat:read_length	150
./libraries/club-moss/club-moss_0.001_1x_MiSeqv3L250R/club-moss_0.001_1x_MiSeqv3L250R.dat:read_length	150
./libraries/club-moss/club-moss_0.001_1x_novaseq_profR/club-moss_0.001_1x_novaseq_profR.dat:read_length	150
./libraries/club-moss/club-moss_0.001_2x_20/club-moss_0.001_2x_20.dat:read_length	150
./libraries/club-moss/club-moss_0.001_2x_23/club-moss_0.001_2x_23.dat:read_length	150
./libraries/club-moss/club-moss_0.001_2x_25/club-moss_0.001_2x_25.dat:read_length	150
./libraries/club-moss/club-moss_0.001_2x_HiSeq2500L150R/club-moss_0.001_2x_HiSeq2500L150R.dat:read_length	150
./libraries/club-moss/club-moss_0.001_2x_MiSeqv3L250R/club-moss_0.001_2x_MiSeqv3L250R.dat:read_length	150
./libraries/club-moss/club-moss_0.001_2x_novaseq_profR/club-moss_0.001_2x_novaseq_profR.dat:read_length	150
./libraries/club-moss/club-moss_0.001_4x_20/club-moss_0.001_4x_20.dat:read_length	150
./libraries/club-moss/club-moss_0.001_4x_23/club-moss_0.001_4x_23.dat:read_length	150
./libraries/club-moss/club-moss_0.001_4x_25/club-moss_0.001_4x_25.dat:read_length	150
./libraries/club-moss/club-moss_0.001_4x_HiSeq2500L150R/club-moss_0.001_4x_HiSeq2500L150R.dat:read_length	150
./libraries/club-moss/club-moss_0.001_4x_MiSeqv3L250R/club-moss_0.001_4x_MiSeqv3L250R.dat:read_length	150
./libraries/club-moss/club-moss_0.001_4x_novaseq_profR/club-moss_0.001_4x_novaseq_profR.dat:read_length	150
./libraries/club-moss/club-moss_0.001_8x_20/club-moss_0.001_8x_20.dat:read_length	150
./libraries/club-moss/club-moss_0.001_8x_23/club-moss_0.001_8x_23.dat:read_length	150
./libraries/club-moss/club-moss_0.001_8x_25/club-moss_0.001_8x_25.dat:read_length	150
./libraries/club-moss/club-moss_0.001_8x_HiSeq2500L150R/club-moss_0.001_8x_HiSeq2500L150R.dat:read_length	150
./libraries/club-moss/club-moss_0.001_8x_MiSeqv3L250R/club-moss_0.001_8x_MiSeqv3L250R.dat:read_length	150
./libraries/club-moss/club-moss_0.001_8x_novaseq_profR/club-moss_0.001_8x_novaseq_profR.dat:read_length	150
./libraries/club-moss/club-moss_0.01_1x_20/club-moss_0.01_1x_20.dat:read_length	150
./libraries/club-moss/club-moss_0.01_1x_23/club-moss_0.01_1x_23.dat:read_length	150
./libraries/club-moss/club-moss_0.01_1x_25/club-moss_0.01_1x_25.dat:read_length	150
./libraries/club-moss/club-moss_0.01_1x_HiSeq2500L150R/club-moss_0.01_1x_HiSeq2500L150R.dat:read_length	150
./libraries/club-moss/club-moss_0.01_1x_MiSeqv3L250R/club-moss_0.01_1x_MiSeqv3L250R.dat:read_length	150
./libraries/club-moss/club-moss_0.01_1x_novaseq_profR/club-moss_0.01_1x_novaseq_profR.dat:read_length	150
./libraries/club-moss/club-moss_0.01_2x_20/club-moss_0.01_2x_20.dat:read_length	150
./libraries/club-moss/club-moss_0.01_2x_23/club-moss_0.01_2x_23.dat:read_length	150
./libraries/club-moss/club-moss_0.01_2x_25/club-moss_0.01_2x_25.dat:read_length	150
./libraries/club-moss/club-moss_0.01_2x_HiSeq2500L150R/club-moss_0.01_2x_HiSeq2500L150R.dat:read_length	150
./libraries/club-moss/club-moss_0.01_2x_MiSeqv3L250R/club-moss_0.01_2x_MiSeqv3L250R.dat:read_length	150
./libraries/club-moss/club-moss_0.01_2x_novaseq_profR/club-moss_0.01_2x_novaseq_profR.dat:read_length	150
./libraries/club-moss/club-moss_0.01_4x_20/club-moss_0.01_4x_20.dat:read_length	150
./libraries/club-moss/club-moss_0.01_4x_23/club-moss_0.01_4x_23.dat:read_length	150
./libraries/club-moss/club-moss_0.01_4x_25/club-moss_0.01_4x_25.dat:read_length	150
./libraries/club-moss/club-moss_0.01_4x_HiSeq2500L150R/club-moss_0.01_4x_HiSeq2500L150R.dat:read_length	150
./libraries/club-moss/club-moss_0.01_4x_MiSeqv3L250R/club-moss_0.01_4x_MiSeqv3L250R.dat:read_length	150
./libraries/club-moss/club-moss_0.01_4x_novaseq_profR/club-moss_0.01_4x_novaseq_profR.dat:read_length	150
./libraries/club-moss/club-moss_0.01_8x_20/club-moss_0.01_8x_20.dat:read_length	150
./libraries/club-moss/club-moss_0.01_8x_23/club-moss_0.01_8x_23.dat:read_length	150
./libraries/club-moss/club-moss_0.01_8x_25/club-moss_0.01_8x_25.dat:read_length	150
./libraries/club-moss/club-moss_0.01_8x_HiSeq2500L150R/club-moss_0.01_8x_HiSeq2500L150R.dat:read_length	150
./libraries/club-moss/club-moss_0.01_8x_MiSeqv3L250R/club-moss_0.01_8x_MiSeqv3L250R.dat:read_length	150
./libraries/club-moss/club-moss_0.01_8x_novaseq_profR/club-moss_0.01_8x_novaseq_profR.dat:read_length	150
./libraries/club-moss/club-moss_0.0_1x_20/club-moss_0.0_1x_20.dat:read_length	150
./libraries/club-moss/club-moss_0.0_1x_23/club-moss_0.0_1x_23.dat:read_length	150
./libraries/club-moss/club-moss_0.0_1x_25/club-moss_0.0_1x_25.dat:read_length	150
./libraries/club-moss/club-moss_0.0_1x_HiSeq2500L150R/club-moss_0.0_1x_HiSeq2500L150R.dat:read_length	150
./libraries/club-moss/club-moss_0.0_1x_MiSeqv3L250R/club-moss_0.0_1x_MiSeqv3L250R.dat:read_length	150
./libraries/club-moss/club-moss_0.0_1x_novaseq_profR/club-moss_0.0_1x_novaseq_profR.dat:read_length	150
./libraries/club-moss/club-moss_0.0_2x_20/club-moss_0.0_2x_20.dat:read_length	150
./libraries/club-moss/club-moss_0.0_2x_23/club-moss_0.0_2x_23.dat:read_length	150
./libraries/club-moss/club-moss_0.0_2x_25/club-moss_0.0_2x_25.dat:read_length	150
./libraries/club-moss/club-moss_0.0_2x_HiSeq2500L150R/club-moss_0.0_2x_HiSeq2500L150R.dat:read_length	150
./libraries/club-moss/club-moss_0.0_2x_MiSeqv3L250R/club-moss_0.0_2x_MiSeqv3L250R.dat:read_length	150
./libraries/club-moss/club-moss_0.0_2x_novaseq_profR/club-moss_0.0_2x_novaseq_profR.dat:read_length	150
./libraries/club-moss/club-moss_0.0_4x_20/club-moss_0.0_4x_20.dat:read_length	150
./libraries/club-moss/club-moss_0.0_4x_23/club-moss_0.0_4x_23.dat:read_length	150
./libraries/club-moss/club-moss_0.0_4x_25/club-moss_0.0_4x_25.dat:read_length	150
./libraries/club-moss/club-moss_0.0_4x_HiSeq2500L150R/club-moss_0.0_4x_HiSeq2500L150R.dat:read_length	150
./libraries/club-moss/club-moss_0.0_4x_MiSeqv3L250R/club-moss_0.0_4x_MiSeqv3L250R.dat:read_length	150
./libraries/club-moss/club-moss_0.0_4x_novaseq_profR/club-moss_0.0_4x_novaseq_profR.dat:read_length	150
./libraries/club-moss/club-moss_0.0_8x_20/club-moss_0.0_8x_20.dat:read_length	150
./libraries/club-moss/club-moss_0.0_8x_23/club-moss_0.0_8x_23.dat:read_length	150
./libraries/club-moss/club-moss_0.0_8x_25/club-moss_0.0_8x_25.dat:read_length	150
./libraries/club-moss/club-moss_0.0_8x_HiSeq2500L150R/club-moss_0.0_8x_HiSeq2500L150R.dat:read_length	150
./libraries/club-moss/club-moss_0.0_8x_MiSeqv3L250R/club-moss_0.0_8x_MiSeqv3L250R.dat:read_length	150
./libraries/club-moss/club-moss_0.0_8x_novaseq_profR/club-moss_0.0_8x_novaseq_profR.dat:read_length	150
./libraries/club-moss/club-moss_0.01_2x_novaseq_profR/club-moss_0.01_2x_novaseq_profR.dat:coverage	2.011096366179131
./libraries/club-moss/club-moss_0.01_2x_MiSeqv3L250R/club-moss_0.01_2x_MiSeqv3L250R.dat:coverage	2.0111138011696026
./libraries/club-moss/club-moss_0.0_2x_20/club-moss_0.0_2x_20.dat:coverage	2.011123245122775
./libraries/club-moss/club-moss_0.001_2x_20/club-moss_0.001_2x_20.dat:coverage	2.011240931308462
./libraries/club-moss/club-moss_0.01_2x_23/club-moss_0.01_2x_23.dat:coverage	2.011299774401305
./libraries/club-moss/club-moss_0.0_2x_23/club-moss_0.0_2x_23.dat:coverage	2.01131067127035
./libraries/club-moss/club-moss_0.0_2x_novaseq_profR/club-moss_0.0_2x_novaseq_profR.dat:coverage	2.0113121241862224
./libraries/club-moss/club-moss_0.001_2x_MiSeqv3L250R/club-moss_0.001_2x_MiSeqv3L250R.dat:coverage	2.0113186623076498
./libraries/club-moss/club-moss_0.01_2x_20/club-moss_0.01_2x_20.dat:coverage	2.011339003129867
./libraries/club-moss/club-moss_0.0_2x_25/club-moss_0.0_2x_25.dat:coverage	2.0113731466528746
./libraries/club-moss/club-moss_0.01_2x_HiSeq2500L150R/club-moss_0.01_2x_HiSeq2500L150R.dat:coverage	2.0113913081012833
./libraries/club-moss/club-moss_0.001_2x_25/club-moss_0.001_2x_25.dat:coverage	2.0113992991385827
./libraries/club-moss/club-moss_0.001_2x_23/club-moss_0.001_2x_23.dat:coverage	2.0114051108020736
./libraries/club-moss/club-moss_0.0_2x_HiSeq2500L150R/club-moss_0.0_2x_HiSeq2500L150R.dat:coverage	2.0114051108020736
./libraries/club-moss/club-moss_0.001_2x_HiSeq2500L150R/club-moss_0.001_2x_HiSeq2500L150R.dat:coverage	2.011424725166355
./libraries/club-moss/club-moss_0.0_2x_MiSeqv3L250R/club-moss_0.0_2x_MiSeqv3L250R.dat:coverage	2.0115445907258502
./libraries/club-moss/club-moss_0.001_2x_novaseq_profR/club-moss_0.001_2x_novaseq_profR.dat:coverage	2.011591810491712
./libraries/club-moss/club-moss_0.01_2x_25/club-moss_0.01_2x_25.dat:coverage	2.0116012544448845
./libraries/club-moss/club-moss_0.001_2x_20/club-moss_0.001_2x_20.dat:genome_length	208216465
./libraries/club-moss/club-moss_0.01_2x_novaseq_profR/club-moss_0.01_2x_novaseq_profR.dat:genome_length	208216465
./libraries/club-moss/club-moss_0.01_4x_20/club-moss_0.01_4x_20.dat:genome_length	208216465
./libraries/club-moss/club-moss_0.01_8x_23/club-moss_0.01_8x_23.dat:genome_length	208216465
./libraries/club-moss/club-moss_0.01_8x_25/club-moss_0.01_8x_25.dat:genome_length	208216465
./libraries/club-moss/club-moss_0.0_1x_25/club-moss_0.0_1x_25.dat:genome_length	208216465
./libraries/club-moss/club-moss_0.0_4x_23/club-moss_0.0_4x_23.dat:genome_length	208216465
./libraries/club-moss/club-moss_0.0_8x_MiSeqv3L250R/club-moss_0.0_8x_MiSeqv3L250R.dat:genome_length	208216465
./libraries/club-moss/club-moss_0.0_8x_novaseq_profR/club-moss_0.0_8x_novaseq_profR.dat:genome_length	208216465
./libraries/club-moss/club-moss_0.001_1x_20/club-moss_0.001_1x_20.dat:genome_length	208216466
./libraries/club-moss/club-moss_0.001_1x_23/club-moss_0.001_1x_23.dat:genome_length	208216466
./libraries/club-moss/club-moss_0.001_1x_25/club-moss_0.001_1x_25.dat:genome_length	208216466
./libraries/club-moss/club-moss_0.001_1x_HiSeq2500L150R/club-moss_0.001_1x_HiSeq2500L150R.dat:genome_length	208216466
./libraries/club-moss/club-moss_0.001_1x_MiSeqv3L250R/club-moss_0.001_1x_MiSeqv3L250R.dat:genome_length	208216466
./libraries/club-moss/club-moss_0.001_1x_novaseq_profR/club-moss_0.001_1x_novaseq_profR.dat:genome_length	208216466
./libraries/club-moss/club-moss_0.001_2x_23/club-moss_0.001_2x_23.dat:genome_length	208216466
./libraries/club-moss/club-moss_0.001_2x_25/club-moss_0.001_2x_25.dat:genome_length	208216466
./libraries/club-moss/club-moss_0.001_2x_HiSeq2500L150R/club-moss_0.001_2x_HiSeq2500L150R.dat:genome_length	208216466
./libraries/club-moss/club-moss_0.001_2x_MiSeqv3L250R/club-moss_0.001_2x_MiSeqv3L250R.dat:genome_length	208216466
./libraries/club-moss/club-moss_0.001_2x_novaseq_profR/club-moss_0.001_2x_novaseq_profR.dat:genome_length	208216466
./libraries/club-moss/club-moss_0.001_4x_20/club-moss_0.001_4x_20.dat:genome_length	208216466
./libraries/club-moss/club-moss_0.001_4x_23/club-moss_0.001_4x_23.dat:genome_length	208216466
./libraries/club-moss/club-moss_0.001_4x_25/club-moss_0.001_4x_25.dat:genome_length	208216466
./libraries/club-moss/club-moss_0.001_4x_HiSeq2500L150R/club-moss_0.001_4x_HiSeq2500L150R.dat:genome_length	208216466
./libraries/club-moss/club-moss_0.001_4x_MiSeqv3L250R/club-moss_0.001_4x_MiSeqv3L250R.dat:genome_length	208216466
./libraries/club-moss/club-moss_0.001_4x_novaseq_profR/club-moss_0.001_4x_novaseq_profR.dat:genome_length	208216466
./libraries/club-moss/club-moss_0.001_8x_20/club-moss_0.001_8x_20.dat:genome_length	208216466
./libraries/club-moss/club-moss_0.001_8x_23/club-moss_0.001_8x_23.dat:genome_length	208216466
./libraries/club-moss/club-moss_0.001_8x_25/club-moss_0.001_8x_25.dat:genome_length	208216466
./libraries/club-moss/club-moss_0.001_8x_HiSeq2500L150R/club-moss_0.001_8x_HiSeq2500L150R.dat:genome_length	208216466
./libraries/club-moss/club-moss_0.001_8x_MiSeqv3L250R/club-moss_0.001_8x_MiSeqv3L250R.dat:genome_length	208216466
./libraries/club-moss/club-moss_0.001_8x_novaseq_profR/club-moss_0.001_8x_novaseq_profR.dat:genome_length	208216466
./libraries/club-moss/club-moss_0.01_1x_20/club-moss_0.01_1x_20.dat:genome_length	208216466
./libraries/club-moss/club-moss_0.01_1x_23/club-moss_0.01_1x_23.dat:genome_length	208216466
./libraries/club-moss/club-moss_0.01_1x_25/club-moss_0.01_1x_25.dat:genome_length	208216466
./libraries/club-moss/club-moss_0.01_1x_HiSeq2500L150R/club-moss_0.01_1x_HiSeq2500L150R.dat:genome_length	208216466
./libraries/club-moss/club-moss_0.01_1x_MiSeqv3L250R/club-moss_0.01_1x_MiSeqv3L250R.dat:genome_length	208216466
./libraries/club-moss/club-moss_0.01_1x_novaseq_profR/club-moss_0.01_1x_novaseq_profR.dat:genome_length	208216466
./libraries/club-moss/club-moss_0.01_2x_20/club-moss_0.01_2x_20.dat:genome_length	208216466
./libraries/club-moss/club-moss_0.01_2x_23/club-moss_0.01_2x_23.dat:genome_length	208216466
./libraries/club-moss/club-moss_0.01_2x_25/club-moss_0.01_2x_25.dat:genome_length	208216466
./libraries/club-moss/club-moss_0.01_2x_HiSeq2500L150R/club-moss_0.01_2x_HiSeq2500L150R.dat:genome_length	208216466
./libraries/club-moss/club-moss_0.01_2x_MiSeqv3L250R/club-moss_0.01_2x_MiSeqv3L250R.dat:genome_length	208216466
./libraries/club-moss/club-moss_0.01_4x_23/club-moss_0.01_4x_23.dat:genome_length	208216466
./libraries/club-moss/club-moss_0.01_4x_25/club-moss_0.01_4x_25.dat:genome_length	208216466
./libraries/club-moss/club-moss_0.01_4x_HiSeq2500L150R/club-moss_0.01_4x_HiSeq2500L150R.dat:genome_length	208216466
./libraries/club-moss/club-moss_0.01_4x_MiSeqv3L250R/club-moss_0.01_4x_MiSeqv3L250R.dat:genome_length	208216466
./libraries/club-moss/club-moss_0.01_4x_novaseq_profR/club-moss_0.01_4x_novaseq_profR.dat:genome_length	208216466
./libraries/club-moss/club-moss_0.01_8x_20/club-moss_0.01_8x_20.dat:genome_length	208216466
./libraries/club-moss/club-moss_0.01_8x_HiSeq2500L150R/club-moss_0.01_8x_HiSeq2500L150R.dat:genome_length	208216466
./libraries/club-moss/club-moss_0.01_8x_MiSeqv3L250R/club-moss_0.01_8x_MiSeqv3L250R.dat:genome_length	208216466
./libraries/club-moss/club-moss_0.01_8x_novaseq_profR/club-moss_0.01_8x_novaseq_profR.dat:genome_length	208216466
./libraries/club-moss/club-moss_0.0_1x_20/club-moss_0.0_1x_20.dat:genome_length	208216466
./libraries/club-moss/club-moss_0.0_1x_23/club-moss_0.0_1x_23.dat:genome_length	208216466
./libraries/club-moss/club-moss_0.0_1x_HiSeq2500L150R/club-moss_0.0_1x_HiSeq2500L150R.dat:genome_length	208216466
./libraries/club-moss/club-moss_0.0_1x_MiSeqv3L250R/club-moss_0.0_1x_MiSeqv3L250R.dat:genome_length	208216466
./libraries/club-moss/club-moss_0.0_1x_novaseq_profR/club-moss_0.0_1x_novaseq_profR.dat:genome_length	208216466
./libraries/club-moss/club-moss_0.0_2x_20/club-moss_0.0_2x_20.dat:genome_length	208216466
./libraries/club-moss/club-moss_0.0_2x_23/club-moss_0.0_2x_23.dat:genome_length	208216466
./libraries/club-moss/club-moss_0.0_2x_25/club-moss_0.0_2x_25.dat:genome_length	208216466
./libraries/club-moss/club-moss_0.0_2x_HiSeq2500L150R/club-moss_0.0_2x_HiSeq2500L150R.dat:genome_length	208216466
./libraries/club-moss/club-moss_0.0_2x_MiSeqv3L250R/club-moss_0.0_2x_MiSeqv3L250R.dat:genome_length	208216466
./libraries/club-moss/club-moss_0.0_2x_novaseq_profR/club-moss_0.0_2x_novaseq_profR.dat:genome_length	208216466
./libraries/club-moss/club-moss_0.0_4x_20/club-moss_0.0_4x_20.dat:genome_length	208216466
./libraries/club-moss/club-moss_0.0_4x_25/club-moss_0.0_4x_25.dat:genome_length	208216466
./libraries/club-moss/club-moss_0.0_4x_HiSeq2500L150R/club-moss_0.0_4x_HiSeq2500L150R.dat:genome_length	208216466
./libraries/club-moss/club-moss_0.0_4x_MiSeqv3L250R/club-moss_0.0_4x_MiSeqv3L250R.dat:genome_length	208216466
./libraries/club-moss/club-moss_0.0_4x_novaseq_profR/club-moss_0.0_4x_novaseq_profR.dat:genome_length	208216466
./libraries/club-moss/club-moss_0.0_8x_20/club-moss_0.0_8x_20.dat:genome_length	208216466
./libraries/club-moss/club-moss_0.0_8x_23/club-moss_0.0_8x_23.dat:genome_length	208216466
./libraries/club-moss/club-moss_0.0_8x_25/club-moss_0.0_8x_25.dat:genome_length	208216466
./libraries/club-moss/club-moss_0.0_8x_HiSeq2500L150R/club-moss_0.0_8x_HiSeq2500L150R.dat:genome_length	208216466
./libraries/club-moss/club-moss_0.0_4x_novaseq_profR/club-moss_0.0_4x_novaseq_profR.dat:coverage	4.022485494906605
./libraries/club-moss/club-moss_0.001_4x_HiSeq2500L150R/club-moss_0.001_4x_HiSeq2500L150R.dat:coverage	4.022499297607395
./libraries/club-moss/club-moss_0.01_4x_23/club-moss_0.01_4x_23.dat:coverage	4.022523270719295
./libraries/club-moss/club-moss_0.0_4x_25/club-moss_0.0_4x_25.dat:coverage	4.022529808840721
./libraries/club-moss/club-moss_0.001_4x_20/club-moss_0.001_4x_20.dat:coverage	4.022562499447856
./libraries/club-moss/club-moss_0.001_4x_23/club-moss_0.001_4x_23.dat:coverage	4.0226075398399095
./libraries/club-moss/club-moss_0.01_4x_HiSeq2500L150R/club-moss_0.01_4x_HiSeq2500L150R.dat:coverage	4.022659844811326
./libraries/club-moss/club-moss_0.0_4x_23/club-moss_0.0_4x_23.dat:coverage	4.022699073539888
./libraries/club-moss/club-moss_0.0_4x_HiSeq2500L150R/club-moss_0.0_4x_HiSeq2500L150R.dat:coverage	4.022709243950996
./libraries/club-moss/club-moss_0.001_4x_novaseq_profR/club-moss_0.001_4x_novaseq_profR.dat:coverage	4.022763001838285
./libraries/club-moss/club-moss_0.01_4x_MiSeqv3L250R/club-moss_0.01_4x_MiSeqv3L250R.dat:coverage	4.022884320313653
./libraries/club-moss/club-moss_0.0_4x_20/club-moss_0.0_4x_20.dat:coverage	4.022888679061272
./libraries/club-moss/club-moss_0.001_4x_MiSeqv3L250R/club-moss_0.001_4x_MiSeqv3L250R.dat:coverage	4.0228966700985715
./libraries/club-moss/club-moss_0.01_4x_novaseq_profR/club-moss_0.01_4x_novaseq_profR.dat:coverage	4.022947522154115
./libraries/club-moss/club-moss_0.01_4x_25/club-moss_0.01_4x_25.dat:coverage	4.0229722217239505
./libraries/club-moss/club-moss_0.001_4x_25/club-moss_0.001_4x_25.dat:coverage	4.023057943760438
./libraries/club-moss/club-moss_0.01_4x_20/club-moss_0.01_4x_20.dat:coverage	4.023187253273107
./libraries/club-moss/club-moss_0.0_4x_MiSeqv3L250R/club-moss_0.0_4x_MiSeqv3L250R.dat:coverage	4.023205414721514
./libraries/club-moss/club-moss_0.01_8x_20/club-moss_0.01_8x_20.dat:coverage	8.04499641584098
./libraries/club-moss/club-moss_0.001_8x_20/club-moss_0.001_8x_20.dat:coverage	8.04512572535365
./libraries/club-moss/club-moss_0.01_8x_25/club-moss_0.01_8x_25.dat:coverage	8.045127178269523
./libraries/club-moss/club-moss_0.001_8x_HiSeq2500L150R/club-moss_0.001_8x_HiSeq2500L150R.dat:coverage	8.045187474278238
./libraries/club-moss/club-moss_0.001_8x_MiSeqv3L250R/club-moss_0.001_8x_MiSeqv3L250R.dat:coverage	8.045287725473452
./libraries/club-moss/club-moss_0.01_8x_novaseq_profR/club-moss_0.01_8x_novaseq_profR.dat:coverage	8.045377806257559
./libraries/club-moss/club-moss_0.0_8x_novaseq_profR/club-moss_0.0_8x_novaseq_profR.dat:coverage	8.045446093303575
./libraries/club-moss/club-moss_0.0_8x_25/club-moss_0.0_8x_25.dat:coverage	8.045512927433716
./libraries/club-moss/club-moss_0.01_8x_HiSeq2500L150R/club-moss_0.01_8x_HiSeq2500L150R.dat:coverage	8.045550703246407
./libraries/club-moss/club-moss_0.001_8x_novaseq_profR/club-moss_0.001_8x_novaseq_profR.dat:coverage	8.045703259413036
./libraries/club-moss/club-moss_0.0_8x_MiSeqv3L250R/club-moss_0.0_8x_MiSeqv3L250R.dat:coverage	8.04579987831857
./libraries/club-moss/club-moss_0.001_8x_23/club-moss_0.001_8x_23.dat:coverage	8.045810048729678
./libraries/club-moss/club-moss_0.001_8x_25/club-moss_0.001_8x_25.dat:coverage	8.045855089121732
./libraries/club-moss/club-moss_0.0_8x_20/club-moss_0.0_8x_20.dat:coverage	8.045876882859822
./libraries/club-moss/club-moss_0.01_8x_23/club-moss_0.01_8x_23.dat:coverage	8.045885600355058
./libraries/club-moss/club-moss_0.0_8x_HiSeq2500L150R/club-moss_0.0_8x_HiSeq2500L150R.dat:coverage	8.045943716989965
./libraries/club-moss/club-moss_0.01_8x_MiSeqv3L250R/club-moss_0.01_8x_MiSeqv3L250R.dat:coverage	8.045972042795666
./libraries/club-moss/club-moss_0.0_8x_23/club-moss_0.0_8x_23.dat:coverage	8.046143492922457
