./libraries/club-moss/club-moss_0.001_8x_novaseq_profR/club-moss_0.001_8x_novaseq_profR.dat:error_rate	0.0035510930030346888
./libraries/club-moss/club-moss_0.01_4x_novaseq_profR/club-moss_0.01_4x_novaseq_profR.dat:error_rate	0.003800377961489576
./libraries/club-moss/club-moss_0.01_2x_novaseq_profR/club-moss_0.01_2x_novaseq_profR.dat:error_rate	0.003948595320602433
./libraries/club-moss/club-moss_0.01_8x_novaseq_profR/club-moss_0.01_8x_novaseq_profR.dat:error_rate	0.00404535203876899
./libraries/club-moss/club-moss_0.0_8x_novaseq_profR/club-moss_0.0_8x_novaseq_profR.dat:error_rate	0.004070569273035063
./libraries/club-moss/club-moss_0.001_4x_novaseq_profR/club-moss_0.001_4x_novaseq_profR.dat:error_rate	0.004197483634824084
./libraries/club-moss/club-moss_0.01_1x_novaseq_profR/club-moss_0.01_1x_novaseq_profR.dat:error_rate	0.004207222789008758
./libraries/club-moss/club-moss_0.001_8x_25/club-moss_0.001_8x_25.dat:error_rate	0.004348017730560594
./libraries/club-moss/club-moss_0.0_4x_novaseq_profR/club-moss_0.0_4x_novaseq_profR.dat:error_rate	0.004503055269701295
./libraries/club-moss/club-moss_0.001_2x_novaseq_profR/club-moss_0.001_2x_novaseq_profR.dat:error_rate	0.004609591058810092
./libraries/club-moss/club-moss_0.0_2x_novaseq_profR/club-moss_0.0_2x_novaseq_profR.dat:error_rate	0.004699301977015069
./libraries/club-moss/club-moss_0.01_2x_25/club-moss_0.01_2x_25.dat:error_rate	0.00472377882678543
./libraries/club-moss/club-moss_0.01_4x_25/club-moss_0.01_4x_25.dat:error_rate	0.004753688982361393
./libraries/club-moss/club-moss_0.01_1x_25/club-moss_0.01_1x_25.dat:error_rate	0.0047541233504212466
./libraries/club-moss/club-moss_0.001_4x_25/club-moss_0.001_4x_25.dat:error_rate	0.004807625187482234
./libraries/club-moss/club-moss_0.0_8x_25/club-moss_0.0_8x_25.dat:error_rate	0.004893316523853275
./libraries/club-moss/club-moss_0.001_1x_novaseq_profR/club-moss_0.001_1x_novaseq_profR.dat:error_rate	0.004912327483401535
./libraries/club-moss/club-moss_0.0_1x_novaseq_profR/club-moss_0.0_1x_novaseq_profR.dat:error_rate	0.005008226042015118
./libraries/club-moss/club-moss_0.01_8x_25/club-moss_0.01_8x_25.dat:error_rate	0.005013141633927964
./libraries/club-moss/club-moss_0.0_4x_25/club-moss_0.0_4x_25.dat:error_rate	0.005110543238419307
./libraries/club-moss/club-moss_0.001_1x_25/club-moss_0.001_1x_25.dat:error_rate	0.005556884316677668
./libraries/club-moss/club-moss_0.001_2x_25/club-moss_0.001_2x_25.dat:error_rate	0.005574874916991934
./libraries/club-moss/club-moss_0.0_2x_25/club-moss_0.0_2x_25.dat:error_rate	0.0056167634062166405
./libraries/club-moss/club-moss_0.0_1x_25/club-moss_0.0_1x_25.dat:error_rate	0.0057490625419507335
./libraries/club-moss/club-moss_0.001_8x_23/club-moss_0.001_8x_23.dat:error_rate	0.006401274124724132
./libraries/club-moss/club-moss_0.01_1x_23/club-moss_0.01_1x_23.dat:error_rate	0.006516073107194598
./libraries/club-moss/club-moss_0.01_2x_23/club-moss_0.01_2x_23.dat:error_rate	0.006620726512528985
./libraries/club-moss/club-moss_0.001_4x_23/club-moss_0.001_4x_23.dat:error_rate	0.006725232930009484
./libraries/club-moss/club-moss_0.01_4x_23/club-moss_0.01_4x_23.dat:error_rate	0.006993436350447801
./libraries/club-moss/club-moss_0.0_4x_23/club-moss_0.0_4x_23.dat:error_rate	0.007125345318130583
./libraries/club-moss/club-moss_0.0_1x_23/club-moss_0.0_1x_23.dat:error_rate	0.007270768928011151
./libraries/club-moss/club-moss_0.0_8x_23/club-moss_0.0_8x_23.dat:error_rate	0.007312388777738543
./libraries/club-moss/club-moss_0.001_1x_23/club-moss_0.001_1x_23.dat:error_rate	0.007333200514282989
./libraries/club-moss/club-moss_0.001_2x_23/club-moss_0.001_2x_23.dat:error_rate	0.007438319543961791
./libraries/club-moss/club-moss_0.01_8x_23/club-moss_0.01_8x_23.dat:error_rate	0.007502427490978403
./libraries/club-moss/club-moss_0.0_2x_23/club-moss_0.0_2x_23.dat:error_rate	0.007540603550771241
./libraries/club-moss/club-moss_0.01_1x_20/club-moss_0.01_1x_20.dat:error_rate	0.01078034339453493
./libraries/club-moss/club-moss_0.01_2x_20/club-moss_0.01_2x_20.dat:error_rate	0.01114242600002513
./libraries/club-moss/club-moss_0.01_4x_20/club-moss_0.01_4x_20.dat:error_rate	0.011341223052229399
./libraries/club-moss/club-moss_0.01_8x_20/club-moss_0.01_8x_20.dat:error_rate	0.01135211774128353
./libraries/club-moss/club-moss_0.001_4x_20/club-moss_0.001_4x_20.dat:error_rate	0.011405369690011935
./libraries/club-moss/club-moss_0.001_1x_20/club-moss_0.001_1x_20.dat:error_rate	0.011423182825928802
./libraries/club-moss/club-moss_0.001_8x_20/club-moss_0.001_8x_20.dat:error_rate	0.011542051964006483
./libraries/club-moss/club-moss_0.0_1x_20/club-moss_0.0_1x_20.dat:error_rate	0.011624805603902999
./libraries/club-moss/club-moss_0.001_2x_20/club-moss_0.001_2x_20.dat:error_rate	0.011794635909640028
./libraries/club-moss/club-moss_0.01_1x_MiSeqv3L250R/club-moss_0.01_1x_MiSeqv3L250R.dat:error_rate	0.011902933794324944
./libraries/club-moss/club-moss_0.0_4x_20/club-moss_0.0_4x_20.dat:error_rate	0.012017821754394031
./libraries/club-moss/club-moss_0.0_2x_20/club-moss_0.0_2x_20.dat:error_rate	0.012192623511433687
./libraries/club-moss/club-moss_0.01_2x_MiSeqv3L250R/club-moss_0.01_2x_MiSeqv3L250R.dat:error_rate	0.01232743711700457
./libraries/club-moss/club-moss_0.01_8x_MiSeqv3L250R/club-moss_0.01_8x_MiSeqv3L250R.dat:error_rate	0.01241233938172126
./libraries/club-moss/club-moss_0.001_1x_MiSeqv3L250R/club-moss_0.001_1x_MiSeqv3L250R.dat:error_rate	0.012517602485950685
./libraries/club-moss/club-moss_0.0_8x_20/club-moss_0.0_8x_20.dat:error_rate	0.012615960900100531
./libraries/club-moss/club-moss_0.0_1x_MiSeqv3L250R/club-moss_0.0_1x_MiSeqv3L250R.dat:error_rate	0.012914694821597572
./libraries/club-moss/club-moss_0.01_4x_MiSeqv3L250R/club-moss_0.01_4x_MiSeqv3L250R.dat:error_rate	0.012928629565762573
./libraries/club-moss/club-moss_0.0_4x_MiSeqv3L250R/club-moss_0.0_4x_MiSeqv3L250R.dat:error_rate	0.012951386297756162
./libraries/club-moss/club-moss_0.001_4x_MiSeqv3L250R/club-moss_0.001_4x_MiSeqv3L250R.dat:error_rate	0.013022444728896798
./libraries/club-moss/club-moss_0.0_8x_MiSeqv3L250R/club-moss_0.0_8x_MiSeqv3L250R.dat:error_rate	0.013188870876753911
./libraries/club-moss/club-moss_0.001_2x_MiSeqv3L250R/club-moss_0.001_2x_MiSeqv3L250R.dat:error_rate	0.013250942439689384
./libraries/club-moss/club-moss_0.0_2x_MiSeqv3L250R/club-moss_0.0_2x_MiSeqv3L250R.dat:error_rate	0.013412692178957464
./libraries/club-moss/club-moss_0.001_8x_MiSeqv3L250R/club-moss_0.001_8x_MiSeqv3L250R.dat:error_rate	0.013466828700691824
./libraries/club-moss/club-moss_0.01_1x_HiSeq2500L150R/club-moss_0.01_1x_HiSeq2500L150R.dat:error_rate	0.01563626842914978
./libraries/club-moss/club-moss_0.0_1x_HiSeq2500L150R/club-moss_0.0_1x_HiSeq2500L150R.dat:error_rate	0.01595446031186787
./libraries/club-moss/club-moss_0.01_2x_HiSeq2500L150R/club-moss_0.01_2x_HiSeq2500L150R.dat:error_rate	0.01630285480807714
./libraries/club-moss/club-moss_0.001_1x_HiSeq2500L150R/club-moss_0.001_1x_HiSeq2500L150R.dat:error_rate	0.016389586346770457
./libraries/club-moss/club-moss_0.001_2x_HiSeq2500L150R/club-moss_0.001_2x_HiSeq2500L150R.dat:error_rate	0.01640407025301638
./libraries/club-moss/club-moss_0.01_8x_HiSeq2500L150R/club-moss_0.01_8x_HiSeq2500L150R.dat:error_rate	0.016423324262825556
./libraries/club-moss/club-moss_0.0_2x_HiSeq2500L150R/club-moss_0.0_2x_HiSeq2500L150R.dat:error_rate	0.016459917640252786
./libraries/club-moss/club-moss_0.01_4x_HiSeq2500L150R/club-moss_0.01_4x_HiSeq2500L150R.dat:error_rate	0.016527181640863087
./libraries/club-moss/club-moss_0.001_8x_HiSeq2500L150R/club-moss_0.001_8x_HiSeq2500L150R.dat:error_rate	0.016933662869878408
./libraries/club-moss/club-moss_0.0_8x_HiSeq2500L150R/club-moss_0.0_8x_HiSeq2500L150R.dat:error_rate	0.01702382509173217
./libraries/club-moss/club-moss_0.0_4x_HiSeq2500L150R/club-moss_0.0_4x_HiSeq2500L150R.dat:error_rate	0.017086858620114942
./libraries/club-moss/club-moss_0.001_4x_HiSeq2500L150R/club-moss_0.001_4x_HiSeq2500L150R.dat:error_rate	0.017098612072970476
./libraries/club-moss/club-moss_0.01_1x_HiSeq2500L150R/club-moss_0.01_1x_HiSeq2500L150R.dat:coverage	0.8314202184406718
./libraries/club-moss/club-moss_0.0_1x_HiSeq2500L150R/club-moss_0.0_1x_HiSeq2500L150R.dat:coverage	0.957479349898851
./libraries/club-moss/club-moss_0.001_1x_HiSeq2500L150R/club-moss_0.001_1x_HiSeq2500L150R.dat:coverage	1.0121620455584899
./libraries/club-moss/club-moss_0.01_1x_20/club-moss_0.01_1x_20.dat:coverage	1.0818184088000269
./libraries/club-moss/club-moss_0.01_1x_25/club-moss_0.01_1x_25.dat:coverage	1.120343773477709
./libraries/club-moss/club-moss_0.01_1x_novaseq_profR/club-moss_0.01_1x_novaseq_profR.dat:coverage	1.1313710420925547
./libraries/club-moss/club-moss_0.01_1x_23/club-moss_0.01_1x_23.dat:coverage	1.1349251372119586
./libraries/club-moss/club-moss_0.01_1x_MiSeqv3L250R/club-moss_0.01_1x_MiSeqv3L250R.dat:coverage	1.1388465767689062
./libraries/club-moss/club-moss_0.001_1x_20/club-moss_0.001_1x_20.dat:coverage	1.1844625885641367
./libraries/club-moss/club-moss_0.001_1x_MiSeqv3L250R/club-moss_0.001_1x_MiSeqv3L250R.dat:coverage	1.197495223026189
./libraries/club-moss/club-moss_0.0_1x_20/club-moss_0.0_1x_20.dat:coverage	1.2446540619123896
./libraries/club-moss/club-moss_0.0_1x_23/club-moss_0.0_1x_23.dat:coverage	1.2663516382619238
./libraries/club-moss/club-moss_0.001_1x_novaseq_profR/club-moss_0.001_1x_novaseq_profR.dat:coverage	1.2846558037915818
./libraries/club-moss/club-moss_0.001_1x_25/club-moss_0.001_1x_25.dat:coverage	1.28679482679336
./libraries/club-moss/club-moss_0.001_1x_23/club-moss_0.001_1x_23.dat:coverage	1.3061709337136065
./libraries/club-moss/club-moss_0.0_1x_novaseq_profR/club-moss_0.0_1x_novaseq_profR.dat:coverage	1.30742839707053
./libraries/club-moss/club-moss_0.0_1x_25/club-moss_0.0_1x_25.dat:coverage	1.3234936192941502
./libraries/club-moss/club-moss_0.0_1x_MiSeqv3L250R/club-moss_0.0_1x_MiSeqv3L250R.dat:coverage	1.3680542914775613
./libraries/club-moss/club-moss_0.001_1x_20/club-moss_0.001_1x_20.dat:read_length	150
./libraries/club-moss/club-moss_0.001_1x_23/club-moss_0.001_1x_23.dat:read_length	150
./libraries/club-moss/club-moss_0.001_1x_25/club-moss_0.001_1x_25.dat:read_length	150
./libraries/club-moss/club-moss_0.001_1x_HiSeq2500L150R/club-moss_0.001_1x_HiSeq2500L150R.dat:read_length	150
./libraries/club-moss/club-moss_0.001_1x_MiSeqv3L250R/club-moss_0.001_1x_MiSeqv3L250R.dat:read_length	150
./libraries/club-moss/club-moss_0.001_1x_novaseq_profR/club-moss_0.001_1x_novaseq_profR.dat:read_length	150
./libraries/club-moss/club-moss_0.001_2x_20/club-moss_0.001_2x_20.dat:read_length	150
./libraries/club-moss/club-moss_0.001_2x_23/club-moss_0.001_2x_23.dat:read_length	150
./libraries/club-moss/club-moss_0.001_2x_25/club-moss_0.001_2x_25.dat:read_length	150
./libraries/club-moss/club-moss_0.001_2x_HiSeq2500L150R/club-moss_0.001_2x_HiSeq2500L150R.dat:read_length	150
./libraries/club-moss/club-moss_0.001_2x_MiSeqv3L250R/club-moss_0.001_2x_MiSeqv3L250R.dat:read_length	150
./libraries/club-moss/club-moss_0.001_2x_novaseq_profR/club-moss_0.001_2x_novaseq_profR.dat:read_length	150
./libraries/club-moss/club-moss_0.001_4x_20/club-moss_0.001_4x_20.dat:read_length	150
./libraries/club-moss/club-moss_0.001_4x_23/club-moss_0.001_4x_23.dat:read_length	150
./libraries/club-moss/club-moss_0.001_4x_25/club-moss_0.001_4x_25.dat:read_length	150
./libraries/club-moss/club-moss_0.001_4x_HiSeq2500L150R/club-moss_0.001_4x_HiSeq2500L150R.dat:read_length	150
./libraries/club-moss/club-moss_0.001_4x_MiSeqv3L250R/club-moss_0.001_4x_MiSeqv3L250R.dat:read_length	150
./libraries/club-moss/club-moss_0.001_4x_novaseq_profR/club-moss_0.001_4x_novaseq_profR.dat:read_length	150
./libraries/club-moss/club-moss_0.001_8x_20/club-moss_0.001_8x_20.dat:read_length	150
./libraries/club-moss/club-moss_0.001_8x_23/club-moss_0.001_8x_23.dat:read_length	150
./libraries/club-moss/club-moss_0.001_8x_25/club-moss_0.001_8x_25.dat:read_length	150
./libraries/club-moss/club-moss_0.001_8x_HiSeq2500L150R/club-moss_0.001_8x_HiSeq2500L150R.dat:read_length	150
./libraries/club-moss/club-moss_0.001_8x_MiSeqv3L250R/club-moss_0.001_8x_MiSeqv3L250R.dat:read_length	150
./libraries/club-moss/club-moss_0.001_8x_novaseq_profR/club-moss_0.001_8x_novaseq_profR.dat:read_length	150
./libraries/club-moss/club-moss_0.01_1x_20/club-moss_0.01_1x_20.dat:read_length	150
./libraries/club-moss/club-moss_0.01_1x_23/club-moss_0.01_1x_23.dat:read_length	150
./libraries/club-moss/club-moss_0.01_1x_25/club-moss_0.01_1x_25.dat:read_length	150
./libraries/club-moss/club-moss_0.01_1x_HiSeq2500L150R/club-moss_0.01_1x_HiSeq2500L150R.dat:read_length	150
./libraries/club-moss/club-moss_0.01_1x_MiSeqv3L250R/club-moss_0.01_1x_MiSeqv3L250R.dat:read_length	150
./libraries/club-moss/club-moss_0.01_1x_novaseq_profR/club-moss_0.01_1x_novaseq_profR.dat:read_length	150
./libraries/club-moss/club-moss_0.01_2x_20/club-moss_0.01_2x_20.dat:read_length	150
./libraries/club-moss/club-moss_0.01_2x_23/club-moss_0.01_2x_23.dat:read_length	150
./libraries/club-moss/club-moss_0.01_2x_25/club-moss_0.01_2x_25.dat:read_length	150
./libraries/club-moss/club-moss_0.01_2x_HiSeq2500L150R/club-moss_0.01_2x_HiSeq2500L150R.dat:read_length	150
./libraries/club-moss/club-moss_0.01_2x_MiSeqv3L250R/club-moss_0.01_2x_MiSeqv3L250R.dat:read_length	150
./libraries/club-moss/club-moss_0.01_2x_novaseq_profR/club-moss_0.01_2x_novaseq_profR.dat:read_length	150
./libraries/club-moss/club-moss_0.01_4x_20/club-moss_0.01_4x_20.dat:read_length	150
./libraries/club-moss/club-moss_0.01_4x_23/club-moss_0.01_4x_23.dat:read_length	150
./libraries/club-moss/club-moss_0.01_4x_25/club-moss_0.01_4x_25.dat:read_length	150
./libraries/club-moss/club-moss_0.01_4x_HiSeq2500L150R/club-moss_0.01_4x_HiSeq2500L150R.dat:read_length	150
./libraries/club-moss/club-moss_0.01_4x_MiSeqv3L250R/club-moss_0.01_4x_MiSeqv3L250R.dat:read_length	150
./libraries/club-moss/club-moss_0.01_4x_novaseq_profR/club-moss_0.01_4x_novaseq_profR.dat:read_length	150
./libraries/club-moss/club-moss_0.01_8x_20/club-moss_0.01_8x_20.dat:read_length	150
./libraries/club-moss/club-moss_0.01_8x_23/club-moss_0.01_8x_23.dat:read_length	150
./libraries/club-moss/club-moss_0.01_8x_25/club-moss_0.01_8x_25.dat:read_length	150
./libraries/club-moss/club-moss_0.01_8x_HiSeq2500L150R/club-moss_0.01_8x_HiSeq2500L150R.dat:read_length	150
./libraries/club-moss/club-moss_0.01_8x_MiSeqv3L250R/club-moss_0.01_8x_MiSeqv3L250R.dat:read_length	150
./libraries/club-moss/club-moss_0.01_8x_novaseq_profR/club-moss_0.01_8x_novaseq_profR.dat:read_length	150
./libraries/club-moss/club-moss_0.0_1x_20/club-moss_0.0_1x_20.dat:read_length	150
./libraries/club-moss/club-moss_0.0_1x_23/club-moss_0.0_1x_23.dat:read_length	150
./libraries/club-moss/club-moss_0.0_1x_25/club-moss_0.0_1x_25.dat:read_length	150
./libraries/club-moss/club-moss_0.0_1x_HiSeq2500L150R/club-moss_0.0_1x_HiSeq2500L150R.dat:read_length	150
./libraries/club-moss/club-moss_0.0_1x_MiSeqv3L250R/club-moss_0.0_1x_MiSeqv3L250R.dat:read_length	150
./libraries/club-moss/club-moss_0.0_1x_novaseq_profR/club-moss_0.0_1x_novaseq_profR.dat:read_length	150
./libraries/club-moss/club-moss_0.0_2x_20/club-moss_0.0_2x_20.dat:read_length	150
./libraries/club-moss/club-moss_0.0_2x_23/club-moss_0.0_2x_23.dat:read_length	150
./libraries/club-moss/club-moss_0.0_2x_25/club-moss_0.0_2x_25.dat:read_length	150
./libraries/club-moss/club-moss_0.0_2x_HiSeq2500L150R/club-moss_0.0_2x_HiSeq2500L150R.dat:read_length	150
./libraries/club-moss/club-moss_0.0_2x_MiSeqv3L250R/club-moss_0.0_2x_MiSeqv3L250R.dat:read_length	150
./libraries/club-moss/club-moss_0.0_2x_novaseq_profR/club-moss_0.0_2x_novaseq_profR.dat:read_length	150
./libraries/club-moss/club-moss_0.0_4x_20/club-moss_0.0_4x_20.dat:read_length	150
./libraries/club-moss/club-moss_0.0_4x_23/club-moss_0.0_4x_23.dat:read_length	150
./libraries/club-moss/club-moss_0.0_4x_25/club-moss_0.0_4x_25.dat:read_length	150
./libraries/club-moss/club-moss_0.0_4x_HiSeq2500L150R/club-moss_0.0_4x_HiSeq2500L150R.dat:read_length	150
./libraries/club-moss/club-moss_0.0_4x_MiSeqv3L250R/club-moss_0.0_4x_MiSeqv3L250R.dat:read_length	150
./libraries/club-moss/club-moss_0.0_4x_novaseq_profR/club-moss_0.0_4x_novaseq_profR.dat:read_length	150
./libraries/club-moss/club-moss_0.0_8x_20/club-moss_0.0_8x_20.dat:read_length	150
./libraries/club-moss/club-moss_0.0_8x_23/club-moss_0.0_8x_23.dat:read_length	150
./libraries/club-moss/club-moss_0.0_8x_25/club-moss_0.0_8x_25.dat:read_length	150
./libraries/club-moss/club-moss_0.0_8x_HiSeq2500L150R/club-moss_0.0_8x_HiSeq2500L150R.dat:read_length	150
./libraries/club-moss/club-moss_0.0_8x_MiSeqv3L250R/club-moss_0.0_8x_MiSeqv3L250R.dat:read_length	150
./libraries/club-moss/club-moss_0.0_8x_novaseq_profR/club-moss_0.0_8x_novaseq_profR.dat:read_length	150
./libraries/club-moss/club-moss_0.0_1x_MiSeqv3L250R/club-moss_0.0_1x_MiSeqv3L250R.dat:genome_length	153066348
./libraries/club-moss/club-moss_0.0_2x_MiSeqv3L250R/club-moss_0.0_2x_MiSeqv3L250R.dat:genome_length	157030538
./libraries/club-moss/club-moss_0.0_1x_25/club-moss_0.0_1x_25.dat:genome_length	158196621
./libraries/club-moss/club-moss_0.0_1x_novaseq_profR/club-moss_0.0_1x_novaseq_profR.dat:genome_length	160143378
./libraries/club-moss/club-moss_0.001_1x_23/club-moss_0.001_1x_23.dat:genome_length	160334028
./libraries/club-moss/club-moss_0.0_2x_20/club-moss_0.0_2x_20.dat:genome_length	161847586
./libraries/club-moss/club-moss_0.001_1x_25/club-moss_0.001_1x_25.dat:genome_length	162750045
./libraries/club-moss/club-moss_0.001_1x_novaseq_profR/club-moss_0.001_1x_novaseq_profR.dat:genome_length	163003018
./libraries/club-moss/club-moss_0.001_2x_MiSeqv3L250R/club-moss_0.001_2x_MiSeqv3L250R.dat:genome_length	163767583
./libraries/club-moss/club-moss_0.0_1x_23/club-moss_0.0_1x_23.dat:genome_length	165330796
./libraries/club-moss/club-moss_0.0_2x_23/club-moss_0.0_2x_23.dat:genome_length	167950406
./libraries/club-moss/club-moss_0.0_1x_20/club-moss_0.0_1x_20.dat:genome_length	168228986
./libraries/club-moss/club-moss_0.001_2x_23/club-moss_0.001_2x_23.dat:genome_length	170047076
./libraries/club-moss/club-moss_0.001_2x_20/club-moss_0.001_2x_20.dat:genome_length	172963969
./libraries/club-moss/club-moss_0.0_2x_25/club-moss_0.0_2x_25.dat:genome_length	172989990
./libraries/club-moss/club-moss_0.001_2x_25/club-moss_0.001_2x_25.dat:genome_length	174238862
./libraries/club-moss/club-moss_0.001_1x_MiSeqv3L250R/club-moss_0.001_1x_MiSeqv3L250R.dat:genome_length	174866935
./libraries/club-moss/club-moss_0.0_2x_novaseq_profR/club-moss_0.0_2x_novaseq_profR.dat:genome_length	176547772
./libraries/club-moss/club-moss_0.001_1x_20/club-moss_0.001_1x_20.dat:genome_length	176804276
./libraries/club-moss/club-moss_0.001_2x_novaseq_profR/club-moss_0.001_2x_novaseq_profR.dat:genome_length	177242261
./libraries/club-moss/club-moss_0.01_2x_MiSeqv3L250R/club-moss_0.01_2x_MiSeqv3L250R.dat:genome_length	179897515
./libraries/club-moss/club-moss_0.001_4x_MiSeqv3L250R/club-moss_0.001_4x_MiSeqv3L250R.dat:genome_length	180371829
./libraries/club-moss/club-moss_0.001_8x_MiSeqv3L250R/club-moss_0.001_8x_MiSeqv3L250R.dat:genome_length	180371829
./libraries/club-moss/club-moss_0.0_4x_MiSeqv3L250R/club-moss_0.0_4x_MiSeqv3L250R.dat:genome_length	180981606
./libraries/club-moss/club-moss_0.0_8x_MiSeqv3L250R/club-moss_0.0_8x_MiSeqv3L250R.dat:genome_length	180981606
./libraries/club-moss/club-moss_0.01_1x_MiSeqv3L250R/club-moss_0.01_1x_MiSeqv3L250R.dat:genome_length	183844655
./libraries/club-moss/club-moss_0.01_1x_23/club-moss_0.01_1x_23.dat:genome_length	184489213
./libraries/club-moss/club-moss_0.01_1x_novaseq_profR/club-moss_0.01_1x_novaseq_profR.dat:genome_length	185113022
./libraries/club-moss/club-moss_0.01_1x_25/club-moss_0.01_1x_25.dat:genome_length	186891975
./libraries/club-moss/club-moss_0.01_4x_MiSeqv3L250R/club-moss_0.01_4x_MiSeqv3L250R.dat:genome_length	188211206
./libraries/club-moss/club-moss_0.01_8x_MiSeqv3L250R/club-moss_0.01_8x_MiSeqv3L250R.dat:genome_length	188211207
./libraries/club-moss/club-moss_0.01_2x_23/club-moss_0.01_2x_23.dat:genome_length	188938555
./libraries/club-moss/club-moss_0.0_4x_20/club-moss_0.0_4x_20.dat:genome_length	190211960
./libraries/club-moss/club-moss_0.0_8x_20/club-moss_0.0_8x_20.dat:genome_length	190211960
./libraries/club-moss/club-moss_0.01_2x_20/club-moss_0.01_2x_20.dat:genome_length	191119208
./libraries/club-moss/club-moss_0.01_2x_25/club-moss_0.01_2x_25.dat:genome_length	191470498
./libraries/club-moss/club-moss_0.01_2x_novaseq_profR/club-moss_0.01_2x_novaseq_profR.dat:genome_length	191710059
./libraries/club-moss/club-moss_0.01_2x_HiSeq2500L150R/club-moss_0.01_2x_HiSeq2500L150R.dat:genome_length	191847401
./libraries/club-moss/club-moss_0.01_4x_23/club-moss_0.01_4x_23.dat:genome_length	192020951
./libraries/club-moss/club-moss_0.01_8x_23/club-moss_0.01_8x_23.dat:genome_length	192020951
./libraries/club-moss/club-moss_0.0_4x_23/club-moss_0.0_4x_23.dat:genome_length	193476749
./libraries/club-moss/club-moss_0.0_8x_23/club-moss_0.0_8x_23.dat:genome_length	193476749
./libraries/club-moss/club-moss_0.01_1x_20/club-moss_0.01_1x_20.dat:genome_length	193525000
./libraries/club-moss/club-moss_0.01_4x_20/club-moss_0.01_4x_20.dat:genome_length	194547859
./libraries/club-moss/club-moss_0.01_8x_20/club-moss_0.01_8x_20.dat:genome_length	194547859
./libraries/club-moss/club-moss_0.0_4x_HiSeq2500L150R/club-moss_0.0_4x_HiSeq2500L150R.dat:genome_length	194819730
./libraries/club-moss/club-moss_0.0_8x_HiSeq2500L150R/club-moss_0.0_8x_HiSeq2500L150R.dat:genome_length	194819730
./libraries/club-moss/club-moss_0.0_2x_HiSeq2500L150R/club-moss_0.0_2x_HiSeq2500L150R.dat:genome_length	195591416
./libraries/club-moss/club-moss_0.01_8x_25/club-moss_0.01_8x_25.dat:genome_length	196126859
./libraries/club-moss/club-moss_0.01_4x_25/club-moss_0.01_4x_25.dat:genome_length	196126860
./libraries/club-moss/club-moss_0.001_4x_HiSeq2500L150R/club-moss_0.001_4x_HiSeq2500L150R.dat:genome_length	196496762
./libraries/club-moss/club-moss_0.001_8x_HiSeq2500L150R/club-moss_0.001_8x_HiSeq2500L150R.dat:genome_length	196496762
./libraries/club-moss/club-moss_0.01_4x_HiSeq2500L150R/club-moss_0.01_4x_HiSeq2500L150R.dat:genome_length	196671653
./libraries/club-moss/club-moss_0.01_8x_HiSeq2500L150R/club-moss_0.01_8x_HiSeq2500L150R.dat:genome_length	196671654
./libraries/club-moss/club-moss_0.001_4x_20/club-moss_0.001_4x_20.dat:genome_length	196820387
./libraries/club-moss/club-moss_0.001_8x_20/club-moss_0.001_8x_20.dat:genome_length	196820387
./libraries/club-moss/club-moss_0.001_4x_23/club-moss_0.001_4x_23.dat:genome_length	198027064
./libraries/club-moss/club-moss_0.001_8x_23/club-moss_0.001_8x_23.dat:genome_length	198027064
./libraries/club-moss/club-moss_0.001_2x_HiSeq2500L150R/club-moss_0.001_2x_HiSeq2500L150R.dat:genome_length	198226941
./libraries/club-moss/club-moss_0.01_4x_novaseq_profR/club-moss_0.01_4x_novaseq_profR.dat:genome_length	198341928
./libraries/club-moss/club-moss_0.01_8x_novaseq_profR/club-moss_0.01_8x_novaseq_profR.dat:genome_length	198341928
./libraries/club-moss/club-moss_0.0_8x_25/club-moss_0.0_8x_25.dat:genome_length	198925602
./libraries/club-moss/club-moss_0.0_4x_25/club-moss_0.0_4x_25.dat:genome_length	198925603
./libraries/club-moss/club-moss_0.001_2x_HiSeq2500L150R/club-moss_0.001_2x_HiSeq2500L150R.dat:coverage	2.1127892393756893
./libraries/club-moss/club-moss_0.0_2x_HiSeq2500L150R/club-moss_0.0_2x_HiSeq2500L150R.dat:coverage	2.141237445029521
./libraries/club-moss/club-moss_0.01_2x_HiSeq2500L150R/club-moss_0.01_2x_HiSeq2500L150R.dat:coverage	2.183009974244928
./libraries/club-moss/club-moss_0.01_2x_novaseq_profR/club-moss_0.01_2x_novaseq_profR.dat:coverage	2.1842535563105767
./libraries/club-moss/club-moss_0.01_2x_25/club-moss_0.01_2x_25.dat:coverage	2.1875354614771023
./libraries/club-moss/club-moss_0.01_2x_20/club-moss_0.01_2x_20.dat:coverage	2.191270587306242
./libraries/club-moss/club-moss_0.01_2x_23/club-moss_0.01_2x_23.dat:coverage	2.2165181219494188
./libraries/club-moss/club-moss_0.01_2x_MiSeqv3L250R/club-moss_0.01_2x_MiSeqv3L250R.dat:coverage	2.327697569381997
./libraries/club-moss/club-moss_0.001_2x_novaseq_profR/club-moss_0.001_2x_novaseq_profR.dat:coverage	2.3631301894480234
./libraries/club-moss/club-moss_0.0_2x_novaseq_profR/club-moss_0.0_2x_novaseq_profR.dat:coverage	2.3720962194924122
./libraries/club-moss/club-moss_0.001_2x_25/club-moss_0.001_2x_25.dat:coverage	2.4036340054924863
./libraries/club-moss/club-moss_0.0_2x_25/club-moss_0.0_2x_25.dat:coverage	2.4209551430253637
./libraries/club-moss/club-moss_0.001_2x_20/club-moss_0.001_2x_20.dat:coverage	2.421160207023213
./libraries/club-moss/club-moss_0.001_2x_23/club-moss_0.001_2x_23.dat:coverage	2.4628924749376235
./libraries/club-moss/club-moss_0.0_2x_23/club-moss_0.0_2x_23.dat:coverage	2.4935218078603514
./libraries/club-moss/club-moss_0.001_2x_MiSeqv3L250R/club-moss_0.001_2x_MiSeqv3L250R.dat:coverage	2.5572195436599086
./libraries/club-moss/club-moss_0.0_2x_20/club-moss_0.0_2x_20.dat:coverage	2.5873044210243332
./libraries/club-moss/club-moss_0.0_2x_MiSeqv3L250R/club-moss_0.0_2x_MiSeqv3L250R.dat:coverage	2.667230917099405
./libraries/club-moss/club-moss_0.0_4x_novaseq_profR/club-moss_0.0_4x_novaseq_profR.dat:genome_length	200203818
./libraries/club-moss/club-moss_0.0_8x_novaseq_profR/club-moss_0.0_8x_novaseq_profR.dat:genome_length	200203818
./libraries/club-moss/club-moss_0.001_4x_25/club-moss_0.001_4x_25.dat:genome_length	201014117
./libraries/club-moss/club-moss_0.001_8x_25/club-moss_0.001_8x_25.dat:genome_length	201014117
./libraries/club-moss/club-moss_0.001_4x_novaseq_profR/club-moss_0.001_4x_novaseq_profR.dat:genome_length	201826739
./libraries/club-moss/club-moss_0.001_8x_novaseq_profR/club-moss_0.001_8x_novaseq_profR.dat:genome_length	201826739
./libraries/club-moss/club-moss_0.001_1x_HiSeq2500L150R/club-moss_0.001_1x_HiSeq2500L150R.dat:genome_length	206861053
./libraries/club-moss/club-moss_0.0_1x_HiSeq2500L150R/club-moss_0.0_1x_HiSeq2500L150R.dat:genome_length	218686806
./libraries/club-moss/club-moss_0.01_1x_HiSeq2500L150R/club-moss_0.01_1x_HiSeq2500L150R.dat:genome_length	251829697
./libraries/club-moss/club-moss_0.001_4x_novaseq_profR/club-moss_0.001_4x_novaseq_profR.dat:coverage	4.150121534680889
./libraries/club-moss/club-moss_0.001_4x_25/club-moss_0.001_4x_25.dat:coverage	4.167204373825273
./libraries/club-moss/club-moss_0.0_4x_novaseq_profR/club-moss_0.0_4x_novaseq_profR.dat:coverage	4.183475233652708
./libraries/club-moss/club-moss_0.0_4x_25/club-moss_0.0_4x_25.dat:coverage	4.210402927251504
./libraries/club-moss/club-moss_0.01_4x_novaseq_profR/club-moss_0.01_4x_novaseq_profR.dat:coverage	4.22323169091301
./libraries/club-moss/club-moss_0.001_4x_23/club-moss_0.001_4x_23.dat:coverage	4.229589173984927
./libraries/club-moss/club-moss_0.001_4x_20/club-moss_0.001_4x_20.dat:coverage	4.255472518195789
./libraries/club-moss/club-moss_0.01_4x_HiSeq2500L150R/club-moss_0.01_4x_HiSeq2500L150R.dat:coverage	4.258793780250217
./libraries/club-moss/club-moss_0.001_4x_HiSeq2500L150R/club-moss_0.001_4x_HiSeq2500L150R.dat:coverage	4.262414198129607
./libraries/club-moss/club-moss_0.01_4x_25/club-moss_0.01_4x_25.dat:coverage	4.27095533382592
./libraries/club-moss/club-moss_0.0_4x_HiSeq2500L150R/club-moss_0.0_4x_HiSeq2500L150R.dat:coverage	4.299329962735337
./libraries/club-moss/club-moss_0.01_4x_20/club-moss_0.01_4x_20.dat:coverage	4.305849656935948
./libraries/club-moss/club-moss_0.0_4x_23/club-moss_0.0_4x_23.dat:coverage	4.329161975292181
./libraries/club-moss/club-moss_0.01_4x_23/club-moss_0.01_4x_23.dat:coverage	4.361792687048679
./libraries/club-moss/club-moss_0.0_4x_20/club-moss_0.0_4x_20.dat:coverage	4.403675057370452
./libraries/club-moss/club-moss_0.01_4x_MiSeqv3L250R/club-moss_0.01_4x_MiSeqv3L250R.dat:coverage	4.450482889164624
./libraries/club-moss/club-moss_0.0_4x_MiSeqv3L250R/club-moss_0.0_4x_MiSeqv3L250R.dat:coverage	4.628633991928319
./libraries/club-moss/club-moss_0.001_4x_MiSeqv3L250R/club-moss_0.001_4x_MiSeqv3L250R.dat:coverage	4.643925453187551
./libraries/club-moss/club-moss_0.001_8x_novaseq_profR/club-moss_0.001_8x_novaseq_profR.dat:coverage	8.3004259369204
./libraries/club-moss/club-moss_0.001_8x_25/club-moss_0.001_8x_25.dat:coverage	8.33413860482765
./libraries/club-moss/club-moss_0.0_8x_novaseq_profR/club-moss_0.0_8x_novaseq_profR.dat:coverage	8.36744458560314
./libraries/club-moss/club-moss_0.0_8x_25/club-moss_0.0_8x_25.dat:coverage	8.421280336184594
./libraries/club-moss/club-moss_0.01_8x_novaseq_profR/club-moss_0.01_8x_novaseq_profR.dat:coverage	8.445920392857033
./libraries/club-moss/club-moss_0.001_8x_23/club-moss_0.001_8x_23.dat:coverage	8.459803930910077
./libraries/club-moss/club-moss_0.001_8x_20/club-moss_0.001_8x_20.dat:coverage	8.510945804912087
./libraries/club-moss/club-moss_0.01_8x_HiSeq2500L150R/club-moss_0.01_8x_HiSeq2500L150R.dat:coverage	8.517832134842276
./libraries/club-moss/club-moss_0.001_8x_HiSeq2500L150R/club-moss_0.001_8x_HiSeq2500L150R.dat:coverage	8.525028540682419
./libraries/club-moss/club-moss_0.01_8x_25/club-moss_0.01_8x_25.dat:coverage	8.541043024804619
./libraries/club-moss/club-moss_0.0_8x_HiSeq2500L150R/club-moss_0.0_8x_HiSeq2500L150R.dat:coverage	8.599221271821671
./libraries/club-moss/club-moss_0.01_8x_20/club-moss_0.01_8x_20.dat:coverage	8.610224400819932
./libraries/club-moss/club-moss_0.0_8x_23/club-moss_0.0_8x_23.dat:coverage	8.65912607940921
./libraries/club-moss/club-moss_0.01_8x_23/club-moss_0.01_8x_23.dat:coverage	8.724495201287793
./libraries/club-moss/club-moss_0.0_8x_20/club-moss_0.0_8x_20.dat:coverage	8.807459059988489
./libraries/club-moss/club-moss_0.01_8x_MiSeqv3L250R/club-moss_0.01_8x_MiSeqv3L250R.dat:coverage	8.901190800427278
./libraries/club-moss/club-moss_0.0_8x_MiSeqv3L250R/club-moss_0.0_8x_MiSeqv3L250R.dat:coverage	9.256565094282136
./libraries/club-moss/club-moss_0.001_8x_MiSeqv3L250R/club-moss_0.001_8x_MiSeqv3L250R.dat:coverage	9.287267238118767
