./libraries/rotifer/rotifer_0.0_1x_novaseq_profR/rotifer_0.0_1x_novaseq_profR.dat:error_rate	0.002598649577272738
./libraries/rotifer/rotifer_0.01_8x_novaseq_profR/rotifer_0.01_8x_novaseq_profR.dat:error_rate	0.002657108440234812
./libraries/rotifer/rotifer_0.01_4x_novaseq_profR/rotifer_0.01_4x_novaseq_profR.dat:error_rate	0.0026698073409759937
./libraries/rotifer/rotifer_0.01_2x_novaseq_profR/rotifer_0.01_2x_novaseq_profR.dat:error_rate	0.0027012537881516696
./libraries/rotifer/rotifer_0.0_8x_novaseq_profR/rotifer_0.0_8x_novaseq_profR.dat:error_rate	0.0027281357185338084
./libraries/rotifer/rotifer_0.01_1x_novaseq_profR/rotifer_0.01_1x_novaseq_profR.dat:error_rate	0.0027741928639927194
./libraries/rotifer/rotifer_0.001_8x_novaseq_profR/rotifer_0.001_8x_novaseq_profR.dat:error_rate	0.002787697417277357
./libraries/rotifer/rotifer_0.001_1x_novaseq_profR/rotifer_0.001_1x_novaseq_profR.dat:error_rate	0.00281245655689355
./libraries/rotifer/rotifer_0.0_4x_novaseq_profR/rotifer_0.0_4x_novaseq_profR.dat:error_rate	0.0028199485100758315
./libraries/rotifer/rotifer_0.001_4x_novaseq_profR/rotifer_0.001_4x_novaseq_profR.dat:error_rate	0.0028208534417324405
./libraries/rotifer/rotifer_0.0_2x_novaseq_profR/rotifer_0.0_2x_novaseq_profR.dat:error_rate	0.0028252610536194656
./libraries/rotifer/rotifer_0.001_2x_novaseq_profR/rotifer_0.001_2x_novaseq_profR.dat:error_rate	0.0028300491863975097
./libraries/rotifer/rotifer_0.01_8x_25/rotifer_0.01_8x_25.dat:error_rate	0.0033958501369076854
./libraries/rotifer/rotifer_0.01_4x_25/rotifer_0.01_4x_25.dat:error_rate	0.0034262091324458455
./libraries/rotifer/rotifer_0.0_1x_25/rotifer_0.0_1x_25.dat:error_rate	0.0034730986862615554
./libraries/rotifer/rotifer_0.01_2x_25/rotifer_0.01_2x_25.dat:error_rate	0.003482455114930949
./libraries/rotifer/rotifer_0.001_8x_25/rotifer_0.001_8x_25.dat:error_rate	0.003506431237515706
./libraries/rotifer/rotifer_0.0_8x_25/rotifer_0.0_8x_25.dat:error_rate	0.00351498008264417
./libraries/rotifer/rotifer_0.001_4x_25/rotifer_0.001_4x_25.dat:error_rate	0.0035258819231177574
./libraries/rotifer/rotifer_0.0_2x_25/rotifer_0.0_2x_25.dat:error_rate	0.00354886586959835
./libraries/rotifer/rotifer_0.001_2x_25/rotifer_0.001_2x_25.dat:error_rate	0.0035494298114370215
./libraries/rotifer/rotifer_0.0_4x_25/rotifer_0.0_4x_25.dat:error_rate	0.0035557834623837214
./libraries/rotifer/rotifer_0.01_1x_25/rotifer_0.01_1x_25.dat:error_rate	0.00357377515474655
./libraries/rotifer/rotifer_0.001_1x_25/rotifer_0.001_1x_25.dat:error_rate	0.003602174769477662
./libraries/rotifer/rotifer_0.01_2x_23/rotifer_0.01_2x_23.dat:error_rate	0.005193025416941666
./libraries/rotifer/rotifer_0.001_1x_23/rotifer_0.001_1x_23.dat:error_rate	0.005287500922052324
./libraries/rotifer/rotifer_0.01_4x_23/rotifer_0.01_4x_23.dat:error_rate	0.005321918365830514
./libraries/rotifer/rotifer_0.01_1x_23/rotifer_0.01_1x_23.dat:error_rate	0.005346613269770595
./libraries/rotifer/rotifer_0.0_1x_23/rotifer_0.0_1x_23.dat:error_rate	0.0053690238237431576
./libraries/rotifer/rotifer_0.01_8x_23/rotifer_0.01_8x_23.dat:error_rate	0.0053762763305430505
./libraries/rotifer/rotifer_0.001_8x_23/rotifer_0.001_8x_23.dat:error_rate	0.005429386274345305
./libraries/rotifer/rotifer_0.0_2x_23/rotifer_0.0_2x_23.dat:error_rate	0.005448694176306779
./libraries/rotifer/rotifer_0.0_4x_23/rotifer_0.0_4x_23.dat:error_rate	0.005481768122076569
./libraries/rotifer/rotifer_0.001_4x_23/rotifer_0.001_4x_23.dat:error_rate	0.0054867002570651024
./libraries/rotifer/rotifer_0.0_8x_23/rotifer_0.0_8x_23.dat:error_rate	0.0054964681507861934
./libraries/rotifer/rotifer_0.001_2x_23/rotifer_0.001_2x_23.dat:error_rate	0.005511920534807535
./libraries/rotifer/rotifer_0.001_1x_20/rotifer_0.001_1x_20.dat:error_rate	0.009815314399584052
./libraries/rotifer/rotifer_0.01_1x_20/rotifer_0.01_1x_20.dat:error_rate	0.009871024421264751
./libraries/rotifer/rotifer_0.01_2x_20/rotifer_0.01_2x_20.dat:error_rate	0.010111768738481186
./libraries/rotifer/rotifer_0.0_1x_20/rotifer_0.0_1x_20.dat:error_rate	0.010188212546949793
./libraries/rotifer/rotifer_0.0_2x_20/rotifer_0.0_2x_20.dat:error_rate	0.01035399194005604
./libraries/rotifer/rotifer_0.001_2x_20/rotifer_0.001_2x_20.dat:error_rate	0.010401253242707353
./libraries/rotifer/rotifer_0.01_8x_20/rotifer_0.01_8x_20.dat:error_rate	0.010439973030311744
./libraries/rotifer/rotifer_0.01_4x_20/rotifer_0.01_4x_20.dat:error_rate	0.010482433147358416
./libraries/rotifer/rotifer_0.001_8x_20/rotifer_0.001_8x_20.dat:error_rate	0.010594877001730896
./libraries/rotifer/rotifer_0.01_1x_MiSeqv3L250R/rotifer_0.01_1x_MiSeqv3L250R.dat:error_rate	0.010678389728075888
./libraries/rotifer/rotifer_0.001_4x_20/rotifer_0.001_4x_20.dat:error_rate	0.01069333808747952
./libraries/rotifer/rotifer_0.0_8x_20/rotifer_0.0_8x_20.dat:error_rate	0.010747210439673194
./libraries/rotifer/rotifer_0.0_1x_MiSeqv3L250R/rotifer_0.0_1x_MiSeqv3L250R.dat:error_rate	0.010770785901044633
./libraries/rotifer/rotifer_0.0_4x_20/rotifer_0.0_4x_20.dat:error_rate	0.01079172277474072
./libraries/rotifer/rotifer_0.01_2x_MiSeqv3L250R/rotifer_0.01_2x_MiSeqv3L250R.dat:error_rate	0.0108983195160125
./libraries/rotifer/rotifer_0.0_2x_MiSeqv3L250R/rotifer_0.0_2x_MiSeqv3L250R.dat:error_rate	0.011015212223336124
./libraries/rotifer/rotifer_0.01_4x_MiSeqv3L250R/rotifer_0.01_4x_MiSeqv3L250R.dat:error_rate	0.011070675550943765
./libraries/rotifer/rotifer_0.001_2x_MiSeqv3L250R/rotifer_0.001_2x_MiSeqv3L250R.dat:error_rate	0.01108690835936188
./libraries/rotifer/rotifer_0.01_8x_MiSeqv3L250R/rotifer_0.01_8x_MiSeqv3L250R.dat:error_rate	0.011124513241283385
./libraries/rotifer/rotifer_0.001_1x_MiSeqv3L250R/rotifer_0.001_1x_MiSeqv3L250R.dat:error_rate	0.011159808437600893
./libraries/rotifer/rotifer_0.0_4x_MiSeqv3L250R/rotifer_0.0_4x_MiSeqv3L250R.dat:error_rate	0.011337560502225896
./libraries/rotifer/rotifer_0.001_4x_MiSeqv3L250R/rotifer_0.001_4x_MiSeqv3L250R.dat:error_rate	0.01134090862244752
./libraries/rotifer/rotifer_0.0_8x_MiSeqv3L250R/rotifer_0.0_8x_MiSeqv3L250R.dat:error_rate	0.011345683430130094
./libraries/rotifer/rotifer_0.001_8x_MiSeqv3L250R/rotifer_0.001_8x_MiSeqv3L250R.dat:error_rate	0.0113873019150037
./libraries/rotifer/rotifer_0.01_1x_HiSeq2500L150R/rotifer_0.01_1x_HiSeq2500L150R.dat:error_rate	0.015651720121610313
./libraries/rotifer/rotifer_0.0_1x_HiSeq2500L150R/rotifer_0.0_1x_HiSeq2500L150R.dat:error_rate	0.01569390980882357
./libraries/rotifer/rotifer_0.001_1x_HiSeq2500L150R/rotifer_0.001_1x_HiSeq2500L150R.dat:error_rate	0.015735341064067043
./libraries/rotifer/rotifer_0.01_2x_HiSeq2500L150R/rotifer_0.01_2x_HiSeq2500L150R.dat:error_rate	0.015765485917465294
./libraries/rotifer/rotifer_0.001_2x_HiSeq2500L150R/rotifer_0.001_2x_HiSeq2500L150R.dat:error_rate	0.015806649247144033
./libraries/rotifer/rotifer_0.01_8x_HiSeq2500L150R/rotifer_0.01_8x_HiSeq2500L150R.dat:error_rate	0.015905329387211786
./libraries/rotifer/rotifer_0.0_2x_HiSeq2500L150R/rotifer_0.0_2x_HiSeq2500L150R.dat:error_rate	0.015911403047644712
./libraries/rotifer/rotifer_0.01_4x_HiSeq2500L150R/rotifer_0.01_4x_HiSeq2500L150R.dat:error_rate	0.01608903704310627
./libraries/rotifer/rotifer_0.001_8x_HiSeq2500L150R/rotifer_0.001_8x_HiSeq2500L150R.dat:error_rate	0.016149223491616183
./libraries/rotifer/rotifer_0.0_8x_HiSeq2500L150R/rotifer_0.0_8x_HiSeq2500L150R.dat:error_rate	0.016210405846774134
./libraries/rotifer/rotifer_0.001_4x_HiSeq2500L150R/rotifer_0.001_4x_HiSeq2500L150R.dat:error_rate	0.016332547073961368
./libraries/rotifer/rotifer_0.0_4x_HiSeq2500L150R/rotifer_0.0_4x_HiSeq2500L150R.dat:error_rate	0.016383641032695295
./libraries/rotifer/rotifer_0.001_1x_20/rotifer_0.001_1x_20.dat:coverage	0.9811710367750258
./libraries/rotifer/rotifer_0.0_1x_novaseq_profR/rotifer_0.0_1x_novaseq_profR.dat:coverage	0.9976463044984388
./libraries/rotifer/rotifer_0.01_1x_20/rotifer_0.01_1x_20.dat:coverage	1.0033227776663163
./libraries/rotifer/rotifer_0.001_1x_HiSeq2500L150R/rotifer_0.001_1x_HiSeq2500L150R.dat:coverage	1.0172565776763411
./libraries/rotifer/rotifer_0.01_1x_MiSeqv3L250R/rotifer_0.01_1x_MiSeqv3L250R.dat:coverage	1.0194121649610046
./libraries/rotifer/rotifer_0.001_1x_23/rotifer_0.001_1x_23.dat:coverage	1.022247218769389
./libraries/rotifer/rotifer_0.0_1x_25/rotifer_0.0_1x_25.dat:coverage	1.0235232328610675
./libraries/rotifer/rotifer_0.0_1x_HiSeq2500L150R/rotifer_0.0_1x_HiSeq2500L150R.dat:coverage	1.0252623515414636
./libraries/rotifer/rotifer_0.01_1x_novaseq_profR/rotifer_0.01_1x_novaseq_profR.dat:coverage	1.027039355531187
./libraries/rotifer/rotifer_0.001_1x_novaseq_profR/rotifer_0.001_1x_novaseq_profR.dat:coverage	1.0271081496691503
./libraries/rotifer/rotifer_0.0_1x_20/rotifer_0.0_1x_20.dat:coverage	1.029220558604701
./libraries/rotifer/rotifer_0.001_1x_25/rotifer_0.001_1x_25.dat:coverage	1.0293805455465888
./libraries/rotifer/rotifer_0.0_1x_23/rotifer_0.0_1x_23.dat:coverage	1.0321286234450517
./libraries/rotifer/rotifer_0.01_1x_HiSeq2500L150R/rotifer_0.01_1x_HiSeq2500L150R.dat:coverage	1.0353372548737245
./libraries/rotifer/rotifer_0.0_1x_MiSeqv3L250R/rotifer_0.0_1x_MiSeqv3L250R.dat:coverage	1.0363029527116545
./libraries/rotifer/rotifer_0.01_1x_23/rotifer_0.01_1x_23.dat:coverage	1.0421495092455275
./libraries/rotifer/rotifer_0.01_1x_25/rotifer_0.01_1x_25.dat:coverage	1.0429077389293997
./libraries/rotifer/rotifer_0.001_1x_MiSeqv3L250R/rotifer_0.001_1x_MiSeqv3L250R.dat:coverage	1.0686740330052478
./libraries/rotifer/rotifer_0.001_4x_HiSeq2500L150R/rotifer_0.001_4x_HiSeq2500L150R.dat:genome_length	100002026
./libraries/rotifer/rotifer_0.001_8x_HiSeq2500L150R/rotifer_0.001_8x_HiSeq2500L150R.dat:genome_length	100002027
./libraries/rotifer/rotifer_0.01_2x_23/rotifer_0.01_2x_23.dat:genome_length	100004694
./libraries/rotifer/rotifer_0.01_4x_novaseq_profR/rotifer_0.01_4x_novaseq_profR.dat:genome_length	100050317
./libraries/rotifer/rotifer_0.01_8x_novaseq_profR/rotifer_0.01_8x_novaseq_profR.dat:genome_length	100050317
./libraries/rotifer/rotifer_0.0_2x_HiSeq2500L150R/rotifer_0.0_2x_HiSeq2500L150R.dat:genome_length	100090190
./libraries/rotifer/rotifer_0.01_2x_20/rotifer_0.01_2x_20.dat:genome_length	100467194
./libraries/rotifer/rotifer_0.01_4x_HiSeq2500L150R/rotifer_0.01_4x_HiSeq2500L150R.dat:genome_length	100529388
./libraries/rotifer/rotifer_0.01_8x_HiSeq2500L150R/rotifer_0.01_8x_HiSeq2500L150R.dat:genome_length	100529388
./libraries/rotifer/rotifer_0.001_2x_HiSeq2500L150R/rotifer_0.001_2x_HiSeq2500L150R.dat:genome_length	100588064
./libraries/rotifer/rotifer_0.01_1x_20/rotifer_0.01_1x_20.dat:genome_length	100923426
./libraries/rotifer/rotifer_0.0_1x_novaseq_profR/rotifer_0.0_1x_novaseq_profR.dat:genome_length	101549066
./libraries/rotifer/rotifer_0.001_1x_20/rotifer_0.001_1x_20.dat:genome_length	103201958
./libraries/rotifer/rotifer_0.001_1x_20/rotifer_0.001_1x_20.dat:read_length	150
./libraries/rotifer/rotifer_0.001_1x_23/rotifer_0.001_1x_23.dat:read_length	150
./libraries/rotifer/rotifer_0.001_1x_25/rotifer_0.001_1x_25.dat:read_length	150
./libraries/rotifer/rotifer_0.001_1x_HiSeq2500L150R/rotifer_0.001_1x_HiSeq2500L150R.dat:read_length	150
./libraries/rotifer/rotifer_0.001_1x_MiSeqv3L250R/rotifer_0.001_1x_MiSeqv3L250R.dat:read_length	150
./libraries/rotifer/rotifer_0.001_1x_novaseq_profR/rotifer_0.001_1x_novaseq_profR.dat:read_length	150
./libraries/rotifer/rotifer_0.001_2x_20/rotifer_0.001_2x_20.dat:read_length	150
./libraries/rotifer/rotifer_0.001_2x_23/rotifer_0.001_2x_23.dat:read_length	150
./libraries/rotifer/rotifer_0.001_2x_25/rotifer_0.001_2x_25.dat:read_length	150
./libraries/rotifer/rotifer_0.001_2x_HiSeq2500L150R/rotifer_0.001_2x_HiSeq2500L150R.dat:read_length	150
./libraries/rotifer/rotifer_0.001_2x_MiSeqv3L250R/rotifer_0.001_2x_MiSeqv3L250R.dat:read_length	150
./libraries/rotifer/rotifer_0.001_2x_novaseq_profR/rotifer_0.001_2x_novaseq_profR.dat:read_length	150
./libraries/rotifer/rotifer_0.001_4x_20/rotifer_0.001_4x_20.dat:read_length	150
./libraries/rotifer/rotifer_0.001_4x_23/rotifer_0.001_4x_23.dat:read_length	150
./libraries/rotifer/rotifer_0.001_4x_25/rotifer_0.001_4x_25.dat:read_length	150
./libraries/rotifer/rotifer_0.001_4x_HiSeq2500L150R/rotifer_0.001_4x_HiSeq2500L150R.dat:read_length	150
./libraries/rotifer/rotifer_0.001_4x_MiSeqv3L250R/rotifer_0.001_4x_MiSeqv3L250R.dat:read_length	150
./libraries/rotifer/rotifer_0.001_4x_novaseq_profR/rotifer_0.001_4x_novaseq_profR.dat:read_length	150
./libraries/rotifer/rotifer_0.001_8x_20/rotifer_0.001_8x_20.dat:read_length	150
./libraries/rotifer/rotifer_0.001_8x_23/rotifer_0.001_8x_23.dat:read_length	150
./libraries/rotifer/rotifer_0.001_8x_25/rotifer_0.001_8x_25.dat:read_length	150
./libraries/rotifer/rotifer_0.001_8x_HiSeq2500L150R/rotifer_0.001_8x_HiSeq2500L150R.dat:read_length	150
./libraries/rotifer/rotifer_0.001_8x_MiSeqv3L250R/rotifer_0.001_8x_MiSeqv3L250R.dat:read_length	150
./libraries/rotifer/rotifer_0.001_8x_novaseq_profR/rotifer_0.001_8x_novaseq_profR.dat:read_length	150
./libraries/rotifer/rotifer_0.01_1x_20/rotifer_0.01_1x_20.dat:read_length	150
./libraries/rotifer/rotifer_0.01_1x_23/rotifer_0.01_1x_23.dat:read_length	150
./libraries/rotifer/rotifer_0.01_1x_25/rotifer_0.01_1x_25.dat:read_length	150
./libraries/rotifer/rotifer_0.01_1x_HiSeq2500L150R/rotifer_0.01_1x_HiSeq2500L150R.dat:read_length	150
./libraries/rotifer/rotifer_0.01_1x_MiSeqv3L250R/rotifer_0.01_1x_MiSeqv3L250R.dat:read_length	150
./libraries/rotifer/rotifer_0.01_1x_novaseq_profR/rotifer_0.01_1x_novaseq_profR.dat:read_length	150
./libraries/rotifer/rotifer_0.01_2x_20/rotifer_0.01_2x_20.dat:read_length	150
./libraries/rotifer/rotifer_0.01_2x_23/rotifer_0.01_2x_23.dat:read_length	150
./libraries/rotifer/rotifer_0.01_2x_25/rotifer_0.01_2x_25.dat:read_length	150
./libraries/rotifer/rotifer_0.01_2x_HiSeq2500L150R/rotifer_0.01_2x_HiSeq2500L150R.dat:read_length	150
./libraries/rotifer/rotifer_0.01_2x_MiSeqv3L250R/rotifer_0.01_2x_MiSeqv3L250R.dat:read_length	150
./libraries/rotifer/rotifer_0.01_2x_novaseq_profR/rotifer_0.01_2x_novaseq_profR.dat:read_length	150
./libraries/rotifer/rotifer_0.01_4x_20/rotifer_0.01_4x_20.dat:read_length	150
./libraries/rotifer/rotifer_0.01_4x_23/rotifer_0.01_4x_23.dat:read_length	150
./libraries/rotifer/rotifer_0.01_4x_25/rotifer_0.01_4x_25.dat:read_length	150
./libraries/rotifer/rotifer_0.01_4x_HiSeq2500L150R/rotifer_0.01_4x_HiSeq2500L150R.dat:read_length	150
./libraries/rotifer/rotifer_0.01_4x_MiSeqv3L250R/rotifer_0.01_4x_MiSeqv3L250R.dat:read_length	150
./libraries/rotifer/rotifer_0.01_4x_novaseq_profR/rotifer_0.01_4x_novaseq_profR.dat:read_length	150
./libraries/rotifer/rotifer_0.01_8x_20/rotifer_0.01_8x_20.dat:read_length	150
./libraries/rotifer/rotifer_0.01_8x_23/rotifer_0.01_8x_23.dat:read_length	150
./libraries/rotifer/rotifer_0.01_8x_25/rotifer_0.01_8x_25.dat:read_length	150
./libraries/rotifer/rotifer_0.01_8x_HiSeq2500L150R/rotifer_0.01_8x_HiSeq2500L150R.dat:read_length	150
./libraries/rotifer/rotifer_0.01_8x_MiSeqv3L250R/rotifer_0.01_8x_MiSeqv3L250R.dat:read_length	150
./libraries/rotifer/rotifer_0.01_8x_novaseq_profR/rotifer_0.01_8x_novaseq_profR.dat:read_length	150
./libraries/rotifer/rotifer_0.0_1x_20/rotifer_0.0_1x_20.dat:read_length	150
./libraries/rotifer/rotifer_0.0_1x_23/rotifer_0.0_1x_23.dat:read_length	150
./libraries/rotifer/rotifer_0.0_1x_25/rotifer_0.0_1x_25.dat:read_length	150
./libraries/rotifer/rotifer_0.0_1x_HiSeq2500L150R/rotifer_0.0_1x_HiSeq2500L150R.dat:read_length	150
./libraries/rotifer/rotifer_0.0_1x_MiSeqv3L250R/rotifer_0.0_1x_MiSeqv3L250R.dat:read_length	150
./libraries/rotifer/rotifer_0.0_1x_novaseq_profR/rotifer_0.0_1x_novaseq_profR.dat:read_length	150
./libraries/rotifer/rotifer_0.0_2x_20/rotifer_0.0_2x_20.dat:read_length	150
./libraries/rotifer/rotifer_0.0_2x_23/rotifer_0.0_2x_23.dat:read_length	150
./libraries/rotifer/rotifer_0.0_2x_25/rotifer_0.0_2x_25.dat:read_length	150
./libraries/rotifer/rotifer_0.0_2x_HiSeq2500L150R/rotifer_0.0_2x_HiSeq2500L150R.dat:read_length	150
./libraries/rotifer/rotifer_0.0_2x_MiSeqv3L250R/rotifer_0.0_2x_MiSeqv3L250R.dat:read_length	150
./libraries/rotifer/rotifer_0.0_2x_novaseq_profR/rotifer_0.0_2x_novaseq_profR.dat:read_length	150
./libraries/rotifer/rotifer_0.0_4x_20/rotifer_0.0_4x_20.dat:read_length	150
./libraries/rotifer/rotifer_0.0_4x_23/rotifer_0.0_4x_23.dat:read_length	150
./libraries/rotifer/rotifer_0.0_4x_25/rotifer_0.0_4x_25.dat:read_length	150
./libraries/rotifer/rotifer_0.0_4x_HiSeq2500L150R/rotifer_0.0_4x_HiSeq2500L150R.dat:read_length	150
./libraries/rotifer/rotifer_0.0_4x_MiSeqv3L250R/rotifer_0.0_4x_MiSeqv3L250R.dat:read_length	150
./libraries/rotifer/rotifer_0.0_4x_novaseq_profR/rotifer_0.0_4x_novaseq_profR.dat:read_length	150
./libraries/rotifer/rotifer_0.0_8x_20/rotifer_0.0_8x_20.dat:read_length	150
./libraries/rotifer/rotifer_0.0_8x_23/rotifer_0.0_8x_23.dat:read_length	150
./libraries/rotifer/rotifer_0.0_8x_25/rotifer_0.0_8x_25.dat:read_length	150
./libraries/rotifer/rotifer_0.0_8x_HiSeq2500L150R/rotifer_0.0_8x_HiSeq2500L150R.dat:read_length	150
./libraries/rotifer/rotifer_0.0_8x_MiSeqv3L250R/rotifer_0.0_8x_MiSeqv3L250R.dat:read_length	150
./libraries/rotifer/rotifer_0.0_8x_novaseq_profR/rotifer_0.0_8x_novaseq_profR.dat:read_length	150
./libraries/rotifer/rotifer_0.001_2x_HiSeq2500L150R/rotifer_0.001_2x_HiSeq2500L150R.dat:coverage	2.0135297446775535
./libraries/rotifer/rotifer_0.01_2x_20/rotifer_0.01_2x_20.dat:coverage	2.0170422140840465
./libraries/rotifer/rotifer_0.0_2x_HiSeq2500L150R/rotifer_0.0_2x_HiSeq2500L150R.dat:coverage	2.023796418682259
./libraries/rotifer/rotifer_0.01_2x_23/rotifer_0.01_2x_23.dat:coverage	2.0253345106300036
./libraries/rotifer/rotifer_0.01_2x_HiSeq2500L150R/rotifer_0.01_2x_HiSeq2500L150R.dat:coverage	2.0268498959209613
./libraries/rotifer/rotifer_0.0_2x_25/rotifer_0.0_2x_25.dat:coverage	2.0316467414067034
./libraries/rotifer/rotifer_0.01_2x_novaseq_profR/rotifer_0.01_2x_novaseq_profR.dat:coverage	2.0323930209078895
./libraries/rotifer/rotifer_0.001_2x_novaseq_profR/rotifer_0.001_2x_novaseq_profR.dat:coverage	2.0328604751003865
./libraries/rotifer/rotifer_0.0_2x_novaseq_profR/rotifer_0.0_2x_novaseq_profR.dat:coverage	2.034103126267277
./libraries/rotifer/rotifer_0.01_2x_25/rotifer_0.01_2x_25.dat:coverage	2.0377855594408647
./libraries/rotifer/rotifer_0.001_2x_25/rotifer_0.001_2x_25.dat:coverage	2.039193950501677
./libraries/rotifer/rotifer_0.0_2x_20/rotifer_0.0_2x_20.dat:coverage	2.042547796775125
./libraries/rotifer/rotifer_0.0_2x_23/rotifer_0.0_2x_23.dat:coverage	2.0456583480583586
./libraries/rotifer/rotifer_0.001_2x_20/rotifer_0.001_2x_20.dat:coverage	2.0476181945037766
./libraries/rotifer/rotifer_0.001_2x_23/rotifer_0.001_2x_23.dat:coverage	2.050620155570343
./libraries/rotifer/rotifer_0.0_2x_MiSeqv3L250R/rotifer_0.0_2x_MiSeqv3L250R.dat:coverage	2.0546470604878495
./libraries/rotifer/rotifer_0.01_2x_MiSeqv3L250R/rotifer_0.01_2x_MiSeqv3L250R.dat:coverage	2.0632021446721946
./libraries/rotifer/rotifer_0.001_2x_MiSeqv3L250R/rotifer_0.001_2x_MiSeqv3L250R.dat:coverage	2.070378922149974
./libraries/rotifer/rotifer_0.01_4x_HiSeq2500L150R/rotifer_0.01_4x_HiSeq2500L150R.dat:coverage	4.029444570364394
./libraries/rotifer/rotifer_0.01_4x_novaseq_profR/rotifer_0.01_4x_novaseq_profR.dat:coverage	4.048602696513968
./libraries/rotifer/rotifer_0.001_4x_HiSeq2500L150R/rotifer_0.001_4x_HiSeq2500L150R.dat:coverage	4.050557727127645
./libraries/rotifer/rotifer_0.01_4x_20/rotifer_0.01_4x_20.dat:coverage	4.056752832287582
./libraries/rotifer/rotifer_0.01_4x_25/rotifer_0.01_4x_25.dat:coverage	4.058079530842967
./libraries/rotifer/rotifer_0.0_4x_HiSeq2500L150R/rotifer_0.0_4x_HiSeq2500L150R.dat:coverage	4.058153991465154
./libraries/rotifer/rotifer_0.0_4x_novaseq_profR/rotifer_0.0_4x_novaseq_profR.dat:coverage	4.058727261658638
./libraries/rotifer/rotifer_0.001_4x_novaseq_profR/rotifer_0.001_4x_novaseq_profR.dat:coverage	4.061755756131748
./libraries/rotifer/rotifer_0.0_4x_25/rotifer_0.0_4x_25.dat:coverage	4.066238224814243
./libraries/rotifer/rotifer_0.001_4x_25/rotifer_0.001_4x_25.dat:coverage	4.067137254048606
./libraries/rotifer/rotifer_0.01_4x_23/rotifer_0.01_4x_23.dat:coverage	4.069813755999424
./libraries/rotifer/rotifer_0.001_4x_23/rotifer_0.001_4x_23.dat:coverage	4.073109749104417
./libraries/rotifer/rotifer_0.001_4x_20/rotifer_0.001_4x_20.dat:coverage	4.0807548442208486
./libraries/rotifer/rotifer_0.0_4x_23/rotifer_0.0_4x_23.dat:coverage	4.0825773468128945
./libraries/rotifer/rotifer_0.0_4x_20/rotifer_0.0_4x_20.dat:coverage	4.093364429577374
./libraries/rotifer/rotifer_0.01_4x_MiSeqv3L250R/rotifer_0.01_4x_MiSeqv3L250R.dat:coverage	4.1068625073288425
./libraries/rotifer/rotifer_0.0_4x_MiSeqv3L250R/rotifer_0.0_4x_MiSeqv3L250R.dat:coverage	4.136599900078117
./libraries/rotifer/rotifer_0.001_4x_MiSeqv3L250R/rotifer_0.001_4x_MiSeqv3L250R.dat:coverage	4.14343510240054
./libraries/rotifer/rotifer_0.01_8x_HiSeq2500L150R/rotifer_0.01_8x_HiSeq2500L150R.dat:coverage	8.060017620473946
./libraries/rotifer/rotifer_0.01_8x_novaseq_profR/rotifer_0.01_8x_novaseq_profR.dat:coverage	8.097146431099171
./libraries/rotifer/rotifer_0.001_8x_HiSeq2500L150R/rotifer_0.001_8x_HiSeq2500L150R.dat:coverage	8.101404355962277
./libraries/rotifer/rotifer_0.01_8x_20/rotifer_0.01_8x_20.dat:coverage	8.11399192957112
./libraries/rotifer/rotifer_0.01_8x_25/rotifer_0.01_8x_25.dat:coverage	8.114721316019871
./libraries/rotifer/rotifer_0.0_8x_novaseq_profR/rotifer_0.0_8x_novaseq_profR.dat:coverage	8.116975600635742
./libraries/rotifer/rotifer_0.0_8x_HiSeq2500L150R/rotifer_0.0_8x_HiSeq2500L150R.dat:coverage	8.1203921244324
./libraries/rotifer/rotifer_0.001_8x_novaseq_profR/rotifer_0.001_8x_novaseq_profR.dat:coverage	8.124418597382265
./libraries/rotifer/rotifer_0.0_8x_25/rotifer_0.0_8x_25.dat:coverage	8.133332936496666
./libraries/rotifer/rotifer_0.001_8x_25/rotifer_0.001_8x_25.dat:coverage	8.134294255434357
./libraries/rotifer/rotifer_0.01_8x_23/rotifer_0.01_8x_23.dat:coverage	8.138249444814791
./libraries/rotifer/rotifer_0.001_8x_23/rotifer_0.001_8x_23.dat:coverage	8.146767080840759
./libraries/rotifer/rotifer_0.001_8x_20/rotifer_0.001_8x_20.dat:coverage	8.158848391825993
./libraries/rotifer/rotifer_0.0_8x_23/rotifer_0.0_8x_23.dat:coverage	8.163910870725278
./libraries/rotifer/rotifer_0.0_8x_20/rotifer_0.0_8x_20.dat:coverage	8.18527089254888
./libraries/rotifer/rotifer_0.01_8x_MiSeqv3L250R/rotifer_0.01_8x_MiSeqv3L250R.dat:coverage	8.211757956865673
./libraries/rotifer/rotifer_0.0_8x_MiSeqv3L250R/rotifer_0.0_8x_MiSeqv3L250R.dat:coverage	8.271421965689735
./libraries/rotifer/rotifer_0.001_8x_MiSeqv3L250R/rotifer_0.001_8x_MiSeqv3L250R.dat:coverage	8.287606839696547
./libraries/rotifer/rotifer_0.001_1x_MiSeqv3L250R/rotifer_0.001_1x_MiSeqv3L250R.dat:genome_length	94775139
./libraries/rotifer/rotifer_0.01_1x_25/rotifer_0.01_1x_25.dat:genome_length	97135384
./libraries/rotifer/rotifer_0.01_1x_23/rotifer_0.01_1x_23.dat:genome_length	97185591
./libraries/rotifer/rotifer_0.0_1x_MiSeqv3L250R/rotifer_0.0_1x_MiSeqv3L250R.dat:genome_length	97723524
./libraries/rotifer/rotifer_0.001_4x_MiSeqv3L250R/rotifer_0.001_4x_MiSeqv3L250R.dat:genome_length	97741772
./libraries/rotifer/rotifer_0.001_8x_MiSeqv3L250R/rotifer_0.001_8x_MiSeqv3L250R.dat:genome_length	97741772
./libraries/rotifer/rotifer_0.01_1x_HiSeq2500L150R/rotifer_0.01_1x_HiSeq2500L150R.dat:genome_length	97814090
./libraries/rotifer/rotifer_0.001_2x_MiSeqv3L250R/rotifer_0.001_2x_MiSeqv3L250R.dat:genome_length	97825717
./libraries/rotifer/rotifer_0.0_4x_MiSeqv3L250R/rotifer_0.0_4x_MiSeqv3L250R.dat:genome_length	97928600
./libraries/rotifer/rotifer_0.0_8x_MiSeqv3L250R/rotifer_0.0_8x_MiSeqv3L250R.dat:genome_length	97928600
./libraries/rotifer/rotifer_0.0_1x_23/rotifer_0.0_1x_23.dat:genome_length	98073911
./libraries/rotifer/rotifer_0.01_2x_MiSeqv3L250R/rotifer_0.01_2x_MiSeqv3L250R.dat:genome_length	98179710
./libraries/rotifer/rotifer_0.0_1x_20/rotifer_0.0_1x_20.dat:genome_length	98385850
./libraries/rotifer/rotifer_0.001_1x_25/rotifer_0.001_1x_25.dat:genome_length	98388192
./libraries/rotifer/rotifer_0.01_1x_novaseq_profR/rotifer_0.01_1x_novaseq_profR.dat:genome_length	98560042
./libraries/rotifer/rotifer_0.0_2x_MiSeqv3L250R/rotifer_0.0_2x_MiSeqv3L250R.dat:genome_length	98563992
./libraries/rotifer/rotifer_0.001_1x_novaseq_profR/rotifer_0.001_1x_novaseq_profR.dat:genome_length	98594823
./libraries/rotifer/rotifer_0.01_4x_MiSeqv3L250R/rotifer_0.01_4x_MiSeqv3L250R.dat:genome_length	98658630
./libraries/rotifer/rotifer_0.01_8x_MiSeqv3L250R/rotifer_0.01_8x_MiSeqv3L250R.dat:genome_length	98658630
./libraries/rotifer/rotifer_0.0_1x_HiSeq2500L150R/rotifer_0.0_1x_HiSeq2500L150R.dat:genome_length	98747982
./libraries/rotifer/rotifer_0.001_2x_23/rotifer_0.001_2x_23.dat:genome_length	98774071
./libraries/rotifer/rotifer_0.001_2x_20/rotifer_0.001_2x_20.dat:genome_length	98909204
./libraries/rotifer/rotifer_0.0_1x_25/rotifer_0.0_1x_25.dat:genome_length	98954489
./libraries/rotifer/rotifer_0.0_4x_20/rotifer_0.0_4x_20.dat:genome_length	98976054
./libraries/rotifer/rotifer_0.0_8x_20/rotifer_0.0_8x_20.dat:genome_length	98976054
./libraries/rotifer/rotifer_0.0_2x_23/rotifer_0.0_2x_23.dat:genome_length	99015647
./libraries/rotifer/rotifer_0.001_1x_23/rotifer_0.001_1x_23.dat:genome_length	99027847
./libraries/rotifer/rotifer_0.0_2x_20/rotifer_0.0_2x_20.dat:genome_length	99147848
./libraries/rotifer/rotifer_0.0_4x_23/rotifer_0.0_4x_23.dat:genome_length	99233236
./libraries/rotifer/rotifer_0.0_8x_23/rotifer_0.0_8x_23.dat:genome_length	99233236
./libraries/rotifer/rotifer_0.001_8x_20/rotifer_0.001_8x_20.dat:genome_length	99294493
./libraries/rotifer/rotifer_0.001_4x_20/rotifer_0.001_4x_20.dat:genome_length	99294494
./libraries/rotifer/rotifer_0.001_2x_25/rotifer_0.001_2x_25.dat:genome_length	99320707
./libraries/rotifer/rotifer_0.01_1x_MiSeqv3L250R/rotifer_0.01_1x_MiSeqv3L250R.dat:genome_length	99321946
./libraries/rotifer/rotifer_0.01_2x_25/rotifer_0.01_2x_25.dat:genome_length	99361886
./libraries/rotifer/rotifer_0.001_4x_23/rotifer_0.001_4x_23.dat:genome_length	99443953
./libraries/rotifer/rotifer_0.001_8x_23/rotifer_0.001_8x_23.dat:genome_length	99443953
./libraries/rotifer/rotifer_0.001_1x_HiSeq2500L150R/rotifer_0.001_1x_HiSeq2500L150R.dat:genome_length	99543712
./libraries/rotifer/rotifer_0.01_4x_23/rotifer_0.01_4x_23.dat:genome_length	99554854
./libraries/rotifer/rotifer_0.01_8x_23/rotifer_0.01_8x_23.dat:genome_length	99554854
./libraries/rotifer/rotifer_0.001_4x_25/rotifer_0.001_4x_25.dat:genome_length	99577302
./libraries/rotifer/rotifer_0.001_8x_25/rotifer_0.001_8x_25.dat:genome_length	99577302
./libraries/rotifer/rotifer_0.0_2x_novaseq_profR/rotifer_0.0_2x_novaseq_profR.dat:genome_length	99584971
./libraries/rotifer/rotifer_0.0_4x_25/rotifer_0.0_4x_25.dat:genome_length	99605642
./libraries/rotifer/rotifer_0.0_8x_25/rotifer_0.0_8x_25.dat:genome_length	99605642
./libraries/rotifer/rotifer_0.001_2x_novaseq_profR/rotifer_0.001_2x_novaseq_profR.dat:genome_length	99621663
./libraries/rotifer/rotifer_0.01_2x_novaseq_profR/rotifer_0.01_2x_novaseq_profR.dat:genome_length	99630882
./libraries/rotifer/rotifer_0.001_4x_novaseq_profR/rotifer_0.001_4x_novaseq_profR.dat:genome_length	99719176
./libraries/rotifer/rotifer_0.001_8x_novaseq_profR/rotifer_0.001_8x_novaseq_profR.dat:genome_length	99719177
./libraries/rotifer/rotifer_0.0_2x_25/rotifer_0.0_2x_25.dat:genome_length	99720637
./libraries/rotifer/rotifer_0.0_4x_HiSeq2500L150R/rotifer_0.0_4x_HiSeq2500L150R.dat:genome_length	99775142
./libraries/rotifer/rotifer_0.0_8x_HiSeq2500L150R/rotifer_0.0_8x_HiSeq2500L150R.dat:genome_length	99775142
./libraries/rotifer/rotifer_0.0_4x_novaseq_profR/rotifer_0.0_4x_novaseq_profR.dat:genome_length	99803833
./libraries/rotifer/rotifer_0.0_8x_novaseq_profR/rotifer_0.0_8x_novaseq_profR.dat:genome_length	99803833
./libraries/rotifer/rotifer_0.01_4x_25/rotifer_0.01_4x_25.dat:genome_length	99842053
./libraries/rotifer/rotifer_0.01_8x_25/rotifer_0.01_8x_25.dat:genome_length	99842053
./libraries/rotifer/rotifer_0.01_4x_20/rotifer_0.01_4x_20.dat:genome_length	99852184
./libraries/rotifer/rotifer_0.01_8x_20/rotifer_0.01_8x_20.dat:genome_length	99852184
./libraries/rotifer/rotifer_0.01_2x_HiSeq2500L150R/rotifer_0.01_2x_HiSeq2500L150R.dat:genome_length	99900596
