./libraries/rotifer/rotifer_0.01_4x_novaseq_profR/rotifer_0.01_4x_novaseq_profR.dat:error_rate	0.0026726141498212286
./libraries/rotifer/rotifer_0.01_8x_novaseq_profR/rotifer_0.01_8x_novaseq_profR.dat:error_rate	0.0026853145214834617
./libraries/rotifer/rotifer_0.01_2x_novaseq_profR/rotifer_0.01_2x_novaseq_profR.dat:error_rate	0.002724776727870415
./libraries/rotifer/rotifer_0.001_4x_novaseq_profR/rotifer_0.001_4x_novaseq_profR.dat:error_rate	0.002804125794337309
./libraries/rotifer/rotifer_0.001_8x_novaseq_profR/rotifer_0.001_8x_novaseq_profR.dat:error_rate	0.002813405262309221
./libraries/rotifer/rotifer_0.0_4x_novaseq_profR/rotifer_0.0_4x_novaseq_profR.dat:error_rate	0.0028169081119187034
./libraries/rotifer/rotifer_0.0_8x_novaseq_profR/rotifer_0.0_8x_novaseq_profR.dat:error_rate	0.002818085846167273
./libraries/rotifer/rotifer_0.0_2x_novaseq_profR/rotifer_0.0_2x_novaseq_profR.dat:error_rate	0.002839421581441237
./libraries/rotifer/rotifer_0.001_2x_novaseq_profR/rotifer_0.001_2x_novaseq_profR.dat:error_rate	0.0028507196658802414
./libraries/rotifer/rotifer_0.01_1x_novaseq_profR/rotifer_0.01_1x_novaseq_profR.dat:error_rate	0.0033509404311722335
./libraries/rotifer/rotifer_0.01_2x_25/rotifer_0.01_2x_25.dat:error_rate	0.003420706303502885
./libraries/rotifer/rotifer_0.01_8x_25/rotifer_0.01_8x_25.dat:error_rate	0.0034262138250833463
./libraries/rotifer/rotifer_0.01_4x_25/rotifer_0.01_4x_25.dat:error_rate	0.0034355963340317874
./libraries/rotifer/rotifer_0.001_1x_novaseq_profR/rotifer_0.001_1x_novaseq_profR.dat:error_rate	0.003525140396191895
./libraries/rotifer/rotifer_0.001_2x_25/rotifer_0.001_2x_25.dat:error_rate	0.0035341245484764583
./libraries/rotifer/rotifer_0.001_4x_25/rotifer_0.001_4x_25.dat:error_rate	0.0035607254579747005
./libraries/rotifer/rotifer_0.001_8x_25/rotifer_0.001_8x_25.dat:error_rate	0.003577447403132039
./libraries/rotifer/rotifer_0.0_4x_25/rotifer_0.0_4x_25.dat:error_rate	0.00357843853613371
./libraries/rotifer/rotifer_0.0_1x_novaseq_profR/rotifer_0.0_1x_novaseq_profR.dat:error_rate	0.0035869003340903705
./libraries/rotifer/rotifer_0.0_2x_25/rotifer_0.0_2x_25.dat:error_rate	0.003596348604042565
./libraries/rotifer/rotifer_0.0_8x_25/rotifer_0.0_8x_25.dat:error_rate	0.003607373966210581
./libraries/rotifer/rotifer_0.01_1x_25/rotifer_0.01_1x_25.dat:error_rate	0.003934345133219774
./libraries/rotifer/rotifer_0.0_1x_25/rotifer_0.0_1x_25.dat:error_rate	0.004291241690302261
./libraries/rotifer/rotifer_0.001_1x_25/rotifer_0.001_1x_25.dat:error_rate	0.004316469176544491
./libraries/rotifer/rotifer_0.01_2x_23/rotifer_0.01_2x_23.dat:error_rate	0.005349950258252911
./libraries/rotifer/rotifer_0.01_4x_23/rotifer_0.01_4x_23.dat:error_rate	0.005394372075172682
./libraries/rotifer/rotifer_0.01_8x_23/rotifer_0.01_8x_23.dat:error_rate	0.0053966905971379875
./libraries/rotifer/rotifer_0.001_2x_23/rotifer_0.001_2x_23.dat:error_rate	0.005563483337090003
./libraries/rotifer/rotifer_0.0_2x_23/rotifer_0.0_2x_23.dat:error_rate	0.005583831685216367
./libraries/rotifer/rotifer_0.001_8x_23/rotifer_0.001_8x_23.dat:error_rate	0.005596812059115774
./libraries/rotifer/rotifer_0.001_4x_23/rotifer_0.001_4x_23.dat:error_rate	0.005598320640083809
./libraries/rotifer/rotifer_0.0_4x_23/rotifer_0.0_4x_23.dat:error_rate	0.00563048426984325
./libraries/rotifer/rotifer_0.0_8x_23/rotifer_0.0_8x_23.dat:error_rate	0.005636673087769939
./libraries/rotifer/rotifer_0.01_1x_23/rotifer_0.01_1x_23.dat:error_rate	0.006027416543733732
./libraries/rotifer/rotifer_0.001_1x_23/rotifer_0.001_1x_23.dat:error_rate	0.006337440434778241
./libraries/rotifer/rotifer_0.0_1x_23/rotifer_0.0_1x_23.dat:error_rate	0.006359620720731152
./libraries/rotifer/rotifer_0.01_2x_20/rotifer_0.01_2x_20.dat:error_rate	0.01045242092499632
./libraries/rotifer/rotifer_0.01_4x_20/rotifer_0.01_4x_20.dat:error_rate	0.010564907951271407
./libraries/rotifer/rotifer_0.01_8x_20/rotifer_0.01_8x_20.dat:error_rate	0.010612132630629434
./libraries/rotifer/rotifer_0.001_2x_20/rotifer_0.001_2x_20.dat:error_rate	0.010791261076969039
./libraries/rotifer/rotifer_0.0_2x_20/rotifer_0.0_2x_20.dat:error_rate	0.010800474223943257
./libraries/rotifer/rotifer_0.001_4x_20/rotifer_0.001_4x_20.dat:error_rate	0.010869109490097784
./libraries/rotifer/rotifer_0.0_4x_20/rotifer_0.0_4x_20.dat:error_rate	0.01091714619093187
./libraries/rotifer/rotifer_0.0_8x_20/rotifer_0.0_8x_20.dat:error_rate	0.011000565854368038
./libraries/rotifer/rotifer_0.001_8x_20/rotifer_0.001_8x_20.dat:error_rate	0.011004148783489653
./libraries/rotifer/rotifer_0.01_2x_MiSeqv3L250R/rotifer_0.01_2x_MiSeqv3L250R.dat:error_rate	0.011174707244692605
./libraries/rotifer/rotifer_0.01_4x_MiSeqv3L250R/rotifer_0.01_4x_MiSeqv3L250R.dat:error_rate	0.011211273819920042
./libraries/rotifer/rotifer_0.01_1x_20/rotifer_0.01_1x_20.dat:error_rate	0.011258583584036974
./libraries/rotifer/rotifer_0.01_8x_MiSeqv3L250R/rotifer_0.01_8x_MiSeqv3L250R.dat:error_rate	0.011279610927652395
./libraries/rotifer/rotifer_0.001_2x_MiSeqv3L250R/rotifer_0.001_2x_MiSeqv3L250R.dat:error_rate	0.011486549585437933
./libraries/rotifer/rotifer_0.0_2x_MiSeqv3L250R/rotifer_0.0_2x_MiSeqv3L250R.dat:error_rate	0.011491490163302864
./libraries/rotifer/rotifer_0.001_4x_MiSeqv3L250R/rotifer_0.001_4x_MiSeqv3L250R.dat:error_rate	0.01154498057276876
./libraries/rotifer/rotifer_0.0_4x_MiSeqv3L250R/rotifer_0.0_4x_MiSeqv3L250R.dat:error_rate	0.011623352115372465
./libraries/rotifer/rotifer_0.001_8x_MiSeqv3L250R/rotifer_0.001_8x_MiSeqv3L250R.dat:error_rate	0.011701624431597946
./libraries/rotifer/rotifer_0.0_8x_MiSeqv3L250R/rotifer_0.0_8x_MiSeqv3L250R.dat:error_rate	0.011752863423970528
./libraries/rotifer/rotifer_0.001_1x_20/rotifer_0.001_1x_20.dat:error_rate	0.011782614680794556
./libraries/rotifer/rotifer_0.01_1x_MiSeqv3L250R/rotifer_0.01_1x_MiSeqv3L250R.dat:error_rate	0.011857182059036186
./libraries/rotifer/rotifer_0.0_1x_20/rotifer_0.0_1x_20.dat:error_rate	0.011924409283838866
./libraries/rotifer/rotifer_0.001_1x_MiSeqv3L250R/rotifer_0.001_1x_MiSeqv3L250R.dat:error_rate	0.012436778164495066
./libraries/rotifer/rotifer_0.0_1x_MiSeqv3L250R/rotifer_0.0_1x_MiSeqv3L250R.dat:error_rate	0.012493338591624825
./libraries/rotifer/rotifer_0.01_4x_HiSeq2500L150R/rotifer_0.01_4x_HiSeq2500L150R.dat:error_rate	0.016291762796426856
./libraries/rotifer/rotifer_0.01_2x_HiSeq2500L150R/rotifer_0.01_2x_HiSeq2500L150R.dat:error_rate	0.01632589194979639
./libraries/rotifer/rotifer_0.001_2x_HiSeq2500L150R/rotifer_0.001_2x_HiSeq2500L150R.dat:error_rate	0.016615407509104174
./libraries/rotifer/rotifer_0.01_8x_HiSeq2500L150R/rotifer_0.01_8x_HiSeq2500L150R.dat:error_rate	0.016619199243931293
./libraries/rotifer/rotifer_0.001_4x_HiSeq2500L150R/rotifer_0.001_4x_HiSeq2500L150R.dat:error_rate	0.01667865760266818
./libraries/rotifer/rotifer_0.0_2x_HiSeq2500L150R/rotifer_0.0_2x_HiSeq2500L150R.dat:error_rate	0.016696459998790658
./libraries/rotifer/rotifer_0.0_4x_HiSeq2500L150R/rotifer_0.0_4x_HiSeq2500L150R.dat:error_rate	0.016755325507272212
./libraries/rotifer/rotifer_0.001_8x_HiSeq2500L150R/rotifer_0.001_8x_HiSeq2500L150R.dat:error_rate	0.017124528625215296
./libraries/rotifer/rotifer_0.01_1x_HiSeq2500L150R/rotifer_0.01_1x_HiSeq2500L150R.dat:error_rate	0.017181001151728714
./libraries/rotifer/rotifer_0.0_8x_HiSeq2500L150R/rotifer_0.0_8x_HiSeq2500L150R.dat:error_rate	0.017194046183445444
./libraries/rotifer/rotifer_0.001_1x_HiSeq2500L150R/rotifer_0.001_1x_HiSeq2500L150R.dat:error_rate	0.01805778843587813
./libraries/rotifer/rotifer_0.0_1x_HiSeq2500L150R/rotifer_0.0_1x_HiSeq2500L150R.dat:error_rate	0.018278123420302217
./libraries/rotifer/rotifer_0.01_1x_25/rotifer_0.01_1x_25.dat:coverage	1.115412847347712
./libraries/rotifer/rotifer_0.01_1x_novaseq_profR/rotifer_0.01_1x_novaseq_profR.dat:coverage	1.1240535677567014
./libraries/rotifer/rotifer_0.01_1x_23/rotifer_0.01_1x_23.dat:coverage	1.1375349194016946
./libraries/rotifer/rotifer_0.001_1x_novaseq_profR/rotifer_0.001_1x_novaseq_profR.dat:coverage	1.1597055254633217
./libraries/rotifer/rotifer_0.001_1x_25/rotifer_0.001_1x_25.dat:coverage	1.167692642994263
./libraries/rotifer/rotifer_0.01_1x_20/rotifer_0.01_1x_20.dat:coverage	1.1678795403773135
./libraries/rotifer/rotifer_0.0_1x_25/rotifer_0.0_1x_25.dat:coverage	1.1683506753535822
./libraries/rotifer/rotifer_0.01_1x_MiSeqv3L250R/rotifer_0.01_1x_MiSeqv3L250R.dat:coverage	1.1693092547128432
./libraries/rotifer/rotifer_0.0_1x_novaseq_profR/rotifer_0.0_1x_novaseq_profR.dat:coverage	1.1702819965355742
./libraries/rotifer/rotifer_0.001_1x_23/rotifer_0.001_1x_23.dat:coverage	1.189469213024458
./libraries/rotifer/rotifer_0.0_1x_23/rotifer_0.0_1x_23.dat:coverage	1.1903050291862856
./libraries/rotifer/rotifer_0.01_1x_HiSeq2500L150R/rotifer_0.01_1x_HiSeq2500L150R.dat:coverage	1.1958749012958916
./libraries/rotifer/rotifer_0.001_1x_20/rotifer_0.001_1x_20.dat:coverage	1.2352223021752762
./libraries/rotifer/rotifer_0.001_1x_MiSeqv3L250R/rotifer_0.001_1x_MiSeqv3L250R.dat:coverage	1.2466535503441523
./libraries/rotifer/rotifer_0.0_1x_20/rotifer_0.0_1x_20.dat:coverage	1.2538802775000466
./libraries/rotifer/rotifer_0.0_1x_MiSeqv3L250R/rotifer_0.0_1x_MiSeqv3L250R.dat:coverage	1.255188344955502
./libraries/rotifer/rotifer_0.001_1x_HiSeq2500L150R/rotifer_0.001_1x_HiSeq2500L150R.dat:coverage	1.3059670893831947
./libraries/rotifer/rotifer_0.0_1x_HiSeq2500L150R/rotifer_0.0_1x_HiSeq2500L150R.dat:coverage	1.3275550586247098
./libraries/rotifer/rotifer_0.001_1x_20/rotifer_0.001_1x_20.dat:read_length	150
./libraries/rotifer/rotifer_0.001_1x_23/rotifer_0.001_1x_23.dat:read_length	150
./libraries/rotifer/rotifer_0.001_1x_25/rotifer_0.001_1x_25.dat:read_length	150
./libraries/rotifer/rotifer_0.001_1x_HiSeq2500L150R/rotifer_0.001_1x_HiSeq2500L150R.dat:read_length	150
./libraries/rotifer/rotifer_0.001_1x_MiSeqv3L250R/rotifer_0.001_1x_MiSeqv3L250R.dat:read_length	150
./libraries/rotifer/rotifer_0.001_1x_novaseq_profR/rotifer_0.001_1x_novaseq_profR.dat:read_length	150
./libraries/rotifer/rotifer_0.001_2x_20/rotifer_0.001_2x_20.dat:read_length	150
./libraries/rotifer/rotifer_0.001_2x_23/rotifer_0.001_2x_23.dat:read_length	150
./libraries/rotifer/rotifer_0.001_2x_25/rotifer_0.001_2x_25.dat:read_length	150
./libraries/rotifer/rotifer_0.001_2x_HiSeq2500L150R/rotifer_0.001_2x_HiSeq2500L150R.dat:read_length	150
./libraries/rotifer/rotifer_0.001_2x_MiSeqv3L250R/rotifer_0.001_2x_MiSeqv3L250R.dat:read_length	150
./libraries/rotifer/rotifer_0.001_2x_novaseq_profR/rotifer_0.001_2x_novaseq_profR.dat:read_length	150
./libraries/rotifer/rotifer_0.001_4x_20/rotifer_0.001_4x_20.dat:read_length	150
./libraries/rotifer/rotifer_0.001_4x_23/rotifer_0.001_4x_23.dat:read_length	150
./libraries/rotifer/rotifer_0.001_4x_25/rotifer_0.001_4x_25.dat:read_length	150
./libraries/rotifer/rotifer_0.001_4x_HiSeq2500L150R/rotifer_0.001_4x_HiSeq2500L150R.dat:read_length	150
./libraries/rotifer/rotifer_0.001_4x_MiSeqv3L250R/rotifer_0.001_4x_MiSeqv3L250R.dat:read_length	150
./libraries/rotifer/rotifer_0.001_4x_novaseq_profR/rotifer_0.001_4x_novaseq_profR.dat:read_length	150
./libraries/rotifer/rotifer_0.001_8x_20/rotifer_0.001_8x_20.dat:read_length	150
./libraries/rotifer/rotifer_0.001_8x_23/rotifer_0.001_8x_23.dat:read_length	150
./libraries/rotifer/rotifer_0.001_8x_25/rotifer_0.001_8x_25.dat:read_length	150
./libraries/rotifer/rotifer_0.001_8x_HiSeq2500L150R/rotifer_0.001_8x_HiSeq2500L150R.dat:read_length	150
./libraries/rotifer/rotifer_0.001_8x_MiSeqv3L250R/rotifer_0.001_8x_MiSeqv3L250R.dat:read_length	150
./libraries/rotifer/rotifer_0.001_8x_novaseq_profR/rotifer_0.001_8x_novaseq_profR.dat:read_length	150
./libraries/rotifer/rotifer_0.01_1x_20/rotifer_0.01_1x_20.dat:read_length	150
./libraries/rotifer/rotifer_0.01_1x_23/rotifer_0.01_1x_23.dat:read_length	150
./libraries/rotifer/rotifer_0.01_1x_25/rotifer_0.01_1x_25.dat:read_length	150
./libraries/rotifer/rotifer_0.01_1x_HiSeq2500L150R/rotifer_0.01_1x_HiSeq2500L150R.dat:read_length	150
./libraries/rotifer/rotifer_0.01_1x_MiSeqv3L250R/rotifer_0.01_1x_MiSeqv3L250R.dat:read_length	150
./libraries/rotifer/rotifer_0.01_1x_novaseq_profR/rotifer_0.01_1x_novaseq_profR.dat:read_length	150
./libraries/rotifer/rotifer_0.01_2x_20/rotifer_0.01_2x_20.dat:read_length	150
./libraries/rotifer/rotifer_0.01_2x_23/rotifer_0.01_2x_23.dat:read_length	150
./libraries/rotifer/rotifer_0.01_2x_25/rotifer_0.01_2x_25.dat:read_length	150
./libraries/rotifer/rotifer_0.01_2x_HiSeq2500L150R/rotifer_0.01_2x_HiSeq2500L150R.dat:read_length	150
./libraries/rotifer/rotifer_0.01_2x_MiSeqv3L250R/rotifer_0.01_2x_MiSeqv3L250R.dat:read_length	150
./libraries/rotifer/rotifer_0.01_2x_novaseq_profR/rotifer_0.01_2x_novaseq_profR.dat:read_length	150
./libraries/rotifer/rotifer_0.01_4x_20/rotifer_0.01_4x_20.dat:read_length	150
./libraries/rotifer/rotifer_0.01_4x_23/rotifer_0.01_4x_23.dat:read_length	150
./libraries/rotifer/rotifer_0.01_4x_25/rotifer_0.01_4x_25.dat:read_length	150
./libraries/rotifer/rotifer_0.01_4x_HiSeq2500L150R/rotifer_0.01_4x_HiSeq2500L150R.dat:read_length	150
./libraries/rotifer/rotifer_0.01_4x_MiSeqv3L250R/rotifer_0.01_4x_MiSeqv3L250R.dat:read_length	150
./libraries/rotifer/rotifer_0.01_4x_novaseq_profR/rotifer_0.01_4x_novaseq_profR.dat:read_length	150
./libraries/rotifer/rotifer_0.01_8x_20/rotifer_0.01_8x_20.dat:read_length	150
./libraries/rotifer/rotifer_0.01_8x_23/rotifer_0.01_8x_23.dat:read_length	150
./libraries/rotifer/rotifer_0.01_8x_25/rotifer_0.01_8x_25.dat:read_length	150
./libraries/rotifer/rotifer_0.01_8x_HiSeq2500L150R/rotifer_0.01_8x_HiSeq2500L150R.dat:read_length	150
./libraries/rotifer/rotifer_0.01_8x_MiSeqv3L250R/rotifer_0.01_8x_MiSeqv3L250R.dat:read_length	150
./libraries/rotifer/rotifer_0.01_8x_novaseq_profR/rotifer_0.01_8x_novaseq_profR.dat:read_length	150
./libraries/rotifer/rotifer_0.0_1x_20/rotifer_0.0_1x_20.dat:read_length	150
./libraries/rotifer/rotifer_0.0_1x_23/rotifer_0.0_1x_23.dat:read_length	150
./libraries/rotifer/rotifer_0.0_1x_25/rotifer_0.0_1x_25.dat:read_length	150
./libraries/rotifer/rotifer_0.0_1x_HiSeq2500L150R/rotifer_0.0_1x_HiSeq2500L150R.dat:read_length	150
./libraries/rotifer/rotifer_0.0_1x_MiSeqv3L250R/rotifer_0.0_1x_MiSeqv3L250R.dat:read_length	150
./libraries/rotifer/rotifer_0.0_1x_novaseq_profR/rotifer_0.0_1x_novaseq_profR.dat:read_length	150
./libraries/rotifer/rotifer_0.0_2x_20/rotifer_0.0_2x_20.dat:read_length	150
./libraries/rotifer/rotifer_0.0_2x_23/rotifer_0.0_2x_23.dat:read_length	150
./libraries/rotifer/rotifer_0.0_2x_25/rotifer_0.0_2x_25.dat:read_length	150
./libraries/rotifer/rotifer_0.0_2x_HiSeq2500L150R/rotifer_0.0_2x_HiSeq2500L150R.dat:read_length	150
./libraries/rotifer/rotifer_0.0_2x_MiSeqv3L250R/rotifer_0.0_2x_MiSeqv3L250R.dat:read_length	150
./libraries/rotifer/rotifer_0.0_2x_novaseq_profR/rotifer_0.0_2x_novaseq_profR.dat:read_length	150
./libraries/rotifer/rotifer_0.0_4x_20/rotifer_0.0_4x_20.dat:read_length	150
./libraries/rotifer/rotifer_0.0_4x_23/rotifer_0.0_4x_23.dat:read_length	150
./libraries/rotifer/rotifer_0.0_4x_25/rotifer_0.0_4x_25.dat:read_length	150
./libraries/rotifer/rotifer_0.0_4x_HiSeq2500L150R/rotifer_0.0_4x_HiSeq2500L150R.dat:read_length	150
./libraries/rotifer/rotifer_0.0_4x_MiSeqv3L250R/rotifer_0.0_4x_MiSeqv3L250R.dat:read_length	150
./libraries/rotifer/rotifer_0.0_4x_novaseq_profR/rotifer_0.0_4x_novaseq_profR.dat:read_length	150
./libraries/rotifer/rotifer_0.0_8x_20/rotifer_0.0_8x_20.dat:read_length	150
./libraries/rotifer/rotifer_0.0_8x_23/rotifer_0.0_8x_23.dat:read_length	150
./libraries/rotifer/rotifer_0.0_8x_25/rotifer_0.0_8x_25.dat:read_length	150
./libraries/rotifer/rotifer_0.0_8x_HiSeq2500L150R/rotifer_0.0_8x_HiSeq2500L150R.dat:read_length	150
./libraries/rotifer/rotifer_0.0_8x_MiSeqv3L250R/rotifer_0.0_8x_MiSeqv3L250R.dat:read_length	150
./libraries/rotifer/rotifer_0.0_8x_novaseq_profR/rotifer_0.0_8x_novaseq_profR.dat:read_length	150
./libraries/rotifer/rotifer_0.01_2x_25/rotifer_0.01_2x_25.dat:coverage	2.0805488524847653
./libraries/rotifer/rotifer_0.01_2x_novaseq_profR/rotifer_0.01_2x_novaseq_profR.dat:coverage	2.0839396093670075
./libraries/rotifer/rotifer_0.01_2x_23/rotifer_0.01_2x_23.dat:coverage	2.0863061734120376
./libraries/rotifer/rotifer_0.001_2x_25/rotifer_0.001_2x_25.dat:coverage	2.107283302520133
./libraries/rotifer/rotifer_0.0_2x_novaseq_profR/rotifer_0.0_2x_novaseq_profR.dat:coverage	2.1110900096551304
./libraries/rotifer/rotifer_0.01_2x_20/rotifer_0.01_2x_20.dat:coverage	2.111900425687679
./libraries/rotifer/rotifer_0.001_2x_novaseq_profR/rotifer_0.001_2x_novaseq_profR.dat:coverage	2.114253556810485
./libraries/rotifer/rotifer_0.0_2x_25/rotifer_0.0_2x_25.dat:coverage	2.1167588396411543
./libraries/rotifer/rotifer_0.0_2x_23/rotifer_0.0_2x_23.dat:coverage	2.134911297339812
./libraries/rotifer/rotifer_0.001_2x_23/rotifer_0.001_2x_23.dat:coverage	2.137713487616958
./libraries/rotifer/rotifer_0.01_2x_MiSeqv3L250R/rotifer_0.01_2x_MiSeqv3L250R.dat:coverage	2.1389689511735055
./libraries/rotifer/rotifer_0.01_2x_HiSeq2500L150R/rotifer_0.01_2x_HiSeq2500L150R.dat:coverage	2.1501715212225108
./libraries/rotifer/rotifer_0.001_2x_20/rotifer_0.001_2x_20.dat:coverage	2.1741500011975057
./libraries/rotifer/rotifer_0.0_2x_20/rotifer_0.0_2x_20.dat:coverage	2.1743518224888203
./libraries/rotifer/rotifer_0.001_2x_MiSeqv3L250R/rotifer_0.001_2x_MiSeqv3L250R.dat:coverage	2.198153120165505
./libraries/rotifer/rotifer_0.0_2x_MiSeqv3L250R/rotifer_0.0_2x_MiSeqv3L250R.dat:coverage	2.2011073573648314
./libraries/rotifer/rotifer_0.001_2x_HiSeq2500L150R/rotifer_0.001_2x_HiSeq2500L150R.dat:coverage	2.2122502199011556
./libraries/rotifer/rotifer_0.0_2x_HiSeq2500L150R/rotifer_0.0_2x_HiSeq2500L150R.dat:coverage	2.2277171445802826
./libraries/rotifer/rotifer_0.01_4x_25/rotifer_0.01_4x_25.dat:coverage	4.0523787087823315
./libraries/rotifer/rotifer_0.01_4x_HiSeq2500L150R/rotifer_0.01_4x_HiSeq2500L150R.dat:coverage	4.053192836094109
./libraries/rotifer/rotifer_0.01_4x_23/rotifer_0.01_4x_23.dat:coverage	4.069635126932226
./libraries/rotifer/rotifer_0.01_4x_novaseq_profR/rotifer_0.01_4x_novaseq_profR.dat:coverage	4.071142607107418
./libraries/rotifer/rotifer_0.01_4x_20/rotifer_0.01_4x_20.dat:coverage	4.07204330384969
./libraries/rotifer/rotifer_0.0_4x_novaseq_profR/rotifer_0.0_4x_novaseq_profR.dat:coverage	4.079374919910498
./libraries/rotifer/rotifer_0.001_4x_novaseq_profR/rotifer_0.001_4x_novaseq_profR.dat:coverage	4.0817230048615025
./libraries/rotifer/rotifer_0.001_4x_25/rotifer_0.001_4x_25.dat:coverage	4.085449030209902
./libraries/rotifer/rotifer_0.0_4x_25/rotifer_0.0_4x_25.dat:coverage	4.092001427409193
./libraries/rotifer/rotifer_0.001_4x_23/rotifer_0.001_4x_23.dat:coverage	4.099001719447405
./libraries/rotifer/rotifer_0.0_4x_23/rotifer_0.0_4x_23.dat:coverage	4.102018590598767
./libraries/rotifer/rotifer_0.001_4x_20/rotifer_0.001_4x_20.dat:coverage	4.111021603355254
./libraries/rotifer/rotifer_0.001_4x_HiSeq2500L150R/rotifer_0.001_4x_HiSeq2500L150R.dat:coverage	4.1111994793209865
./libraries/rotifer/rotifer_0.0_4x_HiSeq2500L150R/rotifer_0.0_4x_HiSeq2500L150R.dat:coverage	4.119648984701993
./libraries/rotifer/rotifer_0.0_4x_20/rotifer_0.0_4x_20.dat:coverage	4.121195455946491
./libraries/rotifer/rotifer_0.01_4x_MiSeqv3L250R/rotifer_0.01_4x_MiSeqv3L250R.dat:coverage	4.130237392747052
./libraries/rotifer/rotifer_0.001_4x_MiSeqv3L250R/rotifer_0.001_4x_MiSeqv3L250R.dat:coverage	4.198683066452987
./libraries/rotifer/rotifer_0.0_4x_MiSeqv3L250R/rotifer_0.0_4x_MiSeqv3L250R.dat:coverage	4.204387496075281
./libraries/rotifer/rotifer_0.0_1x_HiSeq2500L150R/rotifer_0.0_1x_HiSeq2500L150R.dat:genome_length	76255717
./libraries/rotifer/rotifer_0.001_1x_HiSeq2500L150R/rotifer_0.001_1x_HiSeq2500L150R.dat:genome_length	77531532
./libraries/rotifer/rotifer_0.01_8x_novaseq_profR/rotifer_0.01_8x_novaseq_profR.dat:coverage	8.14031428614197
./libraries/rotifer/rotifer_0.01_8x_25/rotifer_0.01_8x_25.dat:coverage	8.147861593096145
./libraries/rotifer/rotifer_0.001_8x_novaseq_profR/rotifer_0.001_8x_novaseq_profR.dat:coverage	8.156948685188908
./libraries/rotifer/rotifer_0.0_8x_novaseq_profR/rotifer_0.0_8x_novaseq_profR.dat:coverage	8.176097819368197
./libraries/rotifer/rotifer_0.01_8x_23/rotifer_0.01_8x_23.dat:coverage	8.183527560368521
./libraries/rotifer/rotifer_0.0_8x_25/rotifer_0.0_8x_25.dat:coverage	8.198869780911028
./libraries/rotifer/rotifer_0.001_8x_25/rotifer_0.001_8x_25.dat:coverage	8.202489748390121
./libraries/rotifer/rotifer_0.01_8x_20/rotifer_0.01_8x_20.dat:coverage	8.256034103144158
./libraries/rotifer/rotifer_0.001_8x_23/rotifer_0.001_8x_23.dat:coverage	8.259004241529759
./libraries/rotifer/rotifer_0.0_8x_23/rotifer_0.0_8x_23.dat:coverage	8.259170740626242
./libraries/rotifer/rotifer_0.01_8x_HiSeq2500L150R/rotifer_0.01_8x_HiSeq2500L150R.dat:coverage	8.27981081683258
./libraries/rotifer/rotifer_0.01_8x_MiSeqv3L250R/rotifer_0.01_8x_MiSeqv3L250R.dat:coverage	8.307487636552422
./libraries/rotifer/rotifer_0.001_8x_20/rotifer_0.001_8x_20.dat:coverage	8.352634462998486
./libraries/rotifer/rotifer_0.0_8x_20/rotifer_0.0_8x_20.dat:coverage	8.37918601216838
./libraries/rotifer/rotifer_0.001_8x_HiSeq2500L150R/rotifer_0.001_8x_HiSeq2500L150R.dat:coverage	8.407742422156455
./libraries/rotifer/rotifer_0.001_8x_MiSeqv3L250R/rotifer_0.001_8x_MiSeqv3L250R.dat:coverage	8.41639757598272
./libraries/rotifer/rotifer_0.0_8x_HiSeq2500L150R/rotifer_0.0_8x_HiSeq2500L150R.dat:coverage	8.42266010294268
./libraries/rotifer/rotifer_0.0_8x_MiSeqv3L250R/rotifer_0.0_8x_MiSeqv3L250R.dat:coverage	8.44011667464476
./libraries/rotifer/rotifer_0.0_1x_MiSeqv3L250R/rotifer_0.0_1x_MiSeqv3L250R.dat:genome_length	80626381
./libraries/rotifer/rotifer_0.0_1x_20/rotifer_0.0_1x_20.dat:genome_length	80794211
./libraries/rotifer/rotifer_0.001_1x_MiSeqv3L250R/rotifer_0.001_1x_MiSeqv3L250R.dat:genome_length	81232477
./libraries/rotifer/rotifer_0.001_1x_20/rotifer_0.001_1x_20.dat:genome_length	81977010
./libraries/rotifer/rotifer_0.01_1x_HiSeq2500L150R/rotifer_0.01_1x_HiSeq2500L150R.dat:genome_length	84689952
./libraries/rotifer/rotifer_0.0_1x_23/rotifer_0.0_1x_23.dat:genome_length	85099971
./libraries/rotifer/rotifer_0.001_1x_23/rotifer_0.001_1x_23.dat:genome_length	85177827
./libraries/rotifer/rotifer_0.0_1x_novaseq_profR/rotifer_0.0_1x_novaseq_profR.dat:genome_length	86554574
./libraries/rotifer/rotifer_0.01_1x_MiSeqv3L250R/rotifer_0.01_1x_MiSeqv3L250R.dat:genome_length	86596050
./libraries/rotifer/rotifer_0.0_1x_25/rotifer_0.0_1x_25.dat:genome_length	86623986
./libraries/rotifer/rotifer_0.01_1x_20/rotifer_0.01_1x_20.dat:genome_length	86668774
./libraries/rotifer/rotifer_0.001_1x_25/rotifer_0.001_1x_25.dat:genome_length	86725135
./libraries/rotifer/rotifer_0.001_1x_novaseq_profR/rotifer_0.001_1x_novaseq_profR.dat:genome_length	87365470
./libraries/rotifer/rotifer_0.01_1x_23/rotifer_0.01_1x_23.dat:genome_length	88998682
./libraries/rotifer/rotifer_0.01_1x_novaseq_profR/rotifer_0.01_1x_novaseq_profR.dat:genome_length	90118570
./libraries/rotifer/rotifer_0.01_1x_25/rotifer_0.01_1x_25.dat:genome_length	90830520
./libraries/rotifer/rotifer_0.0_2x_HiSeq2500L150R/rotifer_0.0_2x_HiSeq2500L150R.dat:genome_length	90911908
./libraries/rotifer/rotifer_0.001_2x_HiSeq2500L150R/rotifer_0.001_2x_HiSeq2500L150R.dat:genome_length	91551210
./libraries/rotifer/rotifer_0.0_2x_MiSeqv3L250R/rotifer_0.0_2x_MiSeqv3L250R.dat:genome_length	92033369
./libraries/rotifer/rotifer_0.001_2x_MiSeqv3L250R/rotifer_0.001_2x_MiSeqv3L250R.dat:genome_length	92159123
./libraries/rotifer/rotifer_0.0_2x_20/rotifer_0.0_2x_20.dat:genome_length	93124941
./libraries/rotifer/rotifer_0.001_2x_20/rotifer_0.001_2x_20.dat:genome_length	93158840
./libraries/rotifer/rotifer_0.01_2x_HiSeq2500L150R/rotifer_0.01_2x_HiSeq2500L150R.dat:genome_length	94189718
./libraries/rotifer/rotifer_0.01_2x_MiSeqv3L250R/rotifer_0.01_2x_MiSeqv3L250R.dat:genome_length	94683378
./libraries/rotifer/rotifer_0.001_2x_23/rotifer_0.001_2x_23.dat:genome_length	94766156
./libraries/rotifer/rotifer_0.0_2x_23/rotifer_0.0_2x_23.dat:genome_length	94864894
./libraries/rotifer/rotifer_0.0_2x_25/rotifer_0.0_2x_25.dat:genome_length	95683204
./libraries/rotifer/rotifer_0.001_2x_novaseq_profR/rotifer_0.001_2x_novaseq_profR.dat:genome_length	95798372
./libraries/rotifer/rotifer_0.01_2x_20/rotifer_0.01_2x_20.dat:genome_length	95915355
./libraries/rotifer/rotifer_0.0_2x_novaseq_profR/rotifer_0.0_2x_novaseq_profR.dat:genome_length	95937989
./libraries/rotifer/rotifer_0.0_8x_MiSeqv3L250R/rotifer_0.0_8x_MiSeqv3L250R.dat:genome_length	95992800
./libraries/rotifer/rotifer_0.001_2x_25/rotifer_0.001_2x_25.dat:genome_length	96117039
./libraries/rotifer/rotifer_0.0_8x_HiSeq2500L150R/rotifer_0.0_8x_HiSeq2500L150R.dat:genome_length	96188160
./libraries/rotifer/rotifer_0.001_8x_MiSeqv3L250R/rotifer_0.001_8x_MiSeqv3L250R.dat:genome_length	96258169
./libraries/rotifer/rotifer_0.0_4x_MiSeqv3L250R/rotifer_0.0_4x_MiSeqv3L250R.dat:genome_length	96335354
./libraries/rotifer/rotifer_0.001_8x_HiSeq2500L150R/rotifer_0.001_8x_HiSeq2500L150R.dat:genome_length	96348516
./libraries/rotifer/rotifer_0.001_4x_MiSeqv3L250R/rotifer_0.001_4x_MiSeqv3L250R.dat:genome_length	96491167
./libraries/rotifer/rotifer_0.0_8x_20/rotifer_0.0_8x_20.dat:genome_length	96695810
./libraries/rotifer/rotifer_0.001_8x_20/rotifer_0.001_8x_20.dat:genome_length	96976840
./libraries/rotifer/rotifer_0.01_2x_23/rotifer_0.01_2x_23.dat:genome_length	97064831
./libraries/rotifer/rotifer_0.01_2x_novaseq_profR/rotifer_0.01_2x_novaseq_profR.dat:genome_length	97186601
./libraries/rotifer/rotifer_0.01_2x_25/rotifer_0.01_2x_25.dat:genome_length	97313000
./libraries/rotifer/rotifer_0.01_8x_MiSeqv3L250R/rotifer_0.01_8x_MiSeqv3L250R.dat:genome_length	97524069
./libraries/rotifer/rotifer_0.01_8x_HiSeq2500L150R/rotifer_0.01_8x_HiSeq2500L150R.dat:genome_length	97836250
./libraries/rotifer/rotifer_0.01_4x_MiSeqv3L250R/rotifer_0.01_4x_MiSeqv3L250R.dat:genome_length	98067059
./libraries/rotifer/rotifer_0.0_8x_23/rotifer_0.0_8x_23.dat:genome_length	98084063
./libraries/rotifer/rotifer_0.001_8x_23/rotifer_0.001_8x_23.dat:genome_length	98088824
./libraries/rotifer/rotifer_0.01_8x_20/rotifer_0.01_8x_20.dat:genome_length	98116820
./libraries/rotifer/rotifer_0.0_4x_20/rotifer_0.0_4x_20.dat:genome_length	98276970
./libraries/rotifer/rotifer_0.0_4x_HiSeq2500L150R/rotifer_0.0_4x_HiSeq2500L150R.dat:genome_length	98321719
./libraries/rotifer/rotifer_0.001_4x_20/rotifer_0.001_4x_20.dat:genome_length	98519374
./libraries/rotifer/rotifer_0.001_4x_HiSeq2500L150R/rotifer_0.001_4x_HiSeq2500L150R.dat:genome_length	98532404
./libraries/rotifer/rotifer_0.0_4x_23/rotifer_0.0_4x_23.dat:genome_length	98756326
./libraries/rotifer/rotifer_0.001_8x_25/rotifer_0.001_8x_25.dat:genome_length	98777723
./libraries/rotifer/rotifer_0.0_8x_25/rotifer_0.0_8x_25.dat:genome_length	98802277
./libraries/rotifer/rotifer_0.001_4x_23/rotifer_0.001_4x_23.dat:genome_length	98823844
./libraries/rotifer/rotifer_0.01_8x_23/rotifer_0.01_8x_23.dat:genome_length	99001297
./libraries/rotifer/rotifer_0.0_4x_25/rotifer_0.0_4x_25.dat:genome_length	99001665
./libraries/rotifer/rotifer_0.0_8x_novaseq_profR/rotifer_0.0_8x_novaseq_profR.dat:genome_length	99085748
./libraries/rotifer/rotifer_0.001_4x_25/rotifer_0.001_4x_25.dat:genome_length	99152599
./libraries/rotifer/rotifer_0.001_4x_novaseq_profR/rotifer_0.001_4x_novaseq_profR.dat:genome_length	99231215
./libraries/rotifer/rotifer_0.0_4x_novaseq_profR/rotifer_0.0_4x_novaseq_profR.dat:genome_length	99290520
./libraries/rotifer/rotifer_0.001_8x_novaseq_profR/rotifer_0.001_8x_novaseq_profR.dat:genome_length	99316283
./libraries/rotifer/rotifer_0.01_8x_25/rotifer_0.01_8x_25.dat:genome_length	99423020
./libraries/rotifer/rotifer_0.01_4x_20/rotifer_0.01_4x_20.dat:genome_length	99476051
./libraries/rotifer/rotifer_0.01_4x_novaseq_profR/rotifer_0.01_4x_novaseq_profR.dat:genome_length	99495198
./libraries/rotifer/rotifer_0.01_8x_novaseq_profR/rotifer_0.01_8x_novaseq_profR.dat:genome_length	99503809
./libraries/rotifer/rotifer_0.01_4x_23/rotifer_0.01_4x_23.dat:genome_length	99515625
./libraries/rotifer/rotifer_0.01_4x_HiSeq2500L150R/rotifer_0.01_4x_HiSeq2500L150R.dat:genome_length	99929921
./libraries/rotifer/rotifer_0.01_4x_25/rotifer_0.01_4x_25.dat:genome_length	99947646
